Brand,Image,Price
"<selenium.webdriver.remote.webelement.WebElement (session=""a3513ddf9d8a8fea2c613a58c639a07f"", element=""f.345ADFD742E99E19AAD14108374C492C.d.68B25C3FC04BFE19871E0BB88C51F250.e.319"")>",https://m.media-amazon.com/images/I/71g09REHnkL._AC_UL320_.jpg,
"<selenium.webdriver.remote.webelement.WebElement (session=""a3513ddf9d8a8fea2c613a58c639a07f"", element=""f.345ADFD742E99E19AAD14108374C492C.d.68B25C3FC04BFE19871E0BB88C51F250.e.321"")>",https://m.media-amazon.com/images/I/618qhNo1BOL._AC_UL320_.jpg,
"<selenium.webdriver.remote.webelement.WebElement (session=""a3513ddf9d8a8fea2c613a58c639a07f"", element=""f.345ADFD742E99E19AAD14108374C492C.d.68B25C3FC04BFE19871E0BB88C51F250.e.323"")>",https://m.media-amazon.com/images/I/711G-fvEShL._AC_UL320_.jpg,
"<selenium.webdriver.remote.webelement.WebElement (session=""a3513ddf9d8a8fea2c613a58c639a07f"", element=""f.345ADFD742E99E19AAD14108374C492C.d.68B25C3FC04BFE19871E0BB88C51F250.e.325"")>",https://m.media-amazon.com/images/I/61-vRq2ulOL._AC_UL320_.jpg,
"<selenium.webdriver.remote.webelement.WebElement (session=""a3513ddf9d8a8fea2c613a58c639a07f"", element=""f.345ADFD742E99E19AAD14108374C492C.d.68B25C3FC04BFE19871E0BB88C51F250.e.327"")>",https://m.media-amazon.com/images/I/711NXCmUfbL._AC_UL320_.jpg,
"<selenium.webdriver.remote.webelement.WebElement (session=""a3513ddf9d8a8fea2c613a58c639a07f"", element=""f.345ADFD742E99E19AAD14108374C492C.d.68B25C3FC04BFE19871E0BB88C51F250.e.329"")>",https://m.media-amazon.com/images/I/816eXKgDfIL._AC_UL320_.jpg,
"<selenium.webdriver.remote.webelement.WebElement (session=""a3513ddf9d8a8fea2c613a58c639a07f"", element=""f.345ADFD742E99E19AAD14108374C492C.d.68B25C3FC04BFE19871E0BB88C51F250.e.331"")>",https://m.media-amazon.com/images/I/51yQdWsKckL._AC_UL320_.jpg,
"<selenium.webdriver.remote.webelement.WebElement (session=""a3513ddf9d8a8fea2c613a58c639a07f"", element=""f.345ADFD742E99E19AAD14108374C492C.d.68B25C3FC04BFE19871E0BB88C51F250.e.333"")>",https://m.media-amazon.com/images/I/51oNy5CTCOL._AC_UL320_.jpg,
"<selenium.webdriver.remote.webelement.WebElement (session=""a3513ddf9d8a8fea2c613a58c639a07f"", element=""f.345ADFD742E99E19AAD14108374C492C.d.68B25C3FC04BFE19871E0BB88C51F250.e.335"")>",https://m.media-amazon.com/images/I/51ykbSj-eoL._AC_UL320_.jpg,
"<selenium.webdriver.remote.webelement.WebElement (session=""a3513ddf9d8a8fea2c613a58c639a07f"", element=""f.345ADFD742E99E19AAD14108374C492C.d.68B25C3FC04BFE19871E0BB88C51F250.e.337"")>",https://m.media-amazon.com/images/I/71mG-2RT7NL._AC_UL320_.jpg,
"<selenium.webdriver.remote.webelement.WebElement (session=""a3513ddf9d8a8fea2c613a58c639a07f"", element=""f.345ADFD742E99E19AAD14108374C492C.d.68B25C3FC04BFE19871E0BB88C51F250.e.339"")>",https://m.media-amazon.com/images/I/71jWmY1ik-L._AC_UL320_.jpg,
"<selenium.webdriver.remote.webelement.WebElement (session=""a3513ddf9d8a8fea2c613a58c639a07f"", element=""f.345ADFD742E99E19AAD14108374C492C.d.68B25C3FC04BFE19871E0BB88C51F250.e.341"")>",https://m.media-amazon.com/images/I/61bm7UEdGAL._AC_UL320_.jpg,
"<selenium.webdriver.remote.webelement.WebElement (session=""a3513ddf9d8a8fea2c613a58c639a07f"", element=""f.345ADFD742E99E19AAD14108374C492C.d.68B25C3FC04BFE19871E0BB88C51F250.e.343"")>",https://m.media-amazon.com/images/I/81FUOCgGF0L._AC_UL320_.jpg,
"<selenium.webdriver.remote.webelement.WebElement (session=""a3513ddf9d8a8fea2c613a58c639a07f"", element=""f.345ADFD742E99E19AAD14108374C492C.d.68B25C3FC04BFE19871E0BB88C51F250.e.345"")>",https://m.media-amazon.com/images/I/71Kx6rgmlRS._AC_UL320_.jpg,
"<selenium.webdriver.remote.webelement.WebElement (session=""a3513ddf9d8a8fea2c613a58c639a07f"", element=""f.345ADFD742E99E19AAD14108374C492C.d.68B25C3FC04BFE19871E0BB88C51F250.e.347"")>",https://m.media-amazon.com/images/I/71MkdxqwJhL._AC_UL320_.jpg,
"<selenium.webdriver.remote.webelement.WebElement (session=""a3513ddf9d8a8fea2c613a58c639a07f"", element=""f.345ADFD742E99E19AAD14108374C492C.d.68B25C3FC04BFE19871E0BB88C51F250.e.349"")>",https://m.media-amazon.com/images/I/61FFBTzKiUL._AC_UL320_.jpg,
"<selenium.webdriver.remote.webelement.WebElement (session=""a3513ddf9d8a8fea2c613a58c639a07f"", element=""f.345ADFD742E99E19AAD14108374C492C.d.68B25C3FC04BFE19871E0BB88C51F250.e.351"")>",https://m.media-amazon.com/images/I/81sa6HPlKeL._AC_UL320_.jpg,
"<selenium.webdriver.remote.webelement.WebElement (session=""a3513ddf9d8a8fea2c613a58c639a07f"", element=""f.345ADFD742E99E19AAD14108374C492C.d.68B25C3FC04BFE19871E0BB88C51F250.e.353"")>",https://m.media-amazon.com/images/I/61q0ZgCYoJL._AC_UL320_.jpg,
"<selenium.webdriver.remote.webelement.WebElement (session=""a3513ddf9d8a8fea2c613a58c639a07f"", element=""f.345ADFD742E99E19AAD14108374C492C.d.68B25C3FC04BFE19871E0BB88C51F250.e.355"")>",https://m.media-amazon.com/images/I/71gUAu2MwZL._AC_UL320_.jpg,
"<selenium.webdriver.remote.webelement.WebElement (session=""a3513ddf9d8a8fea2c613a58c639a07f"", element=""f.345ADFD742E99E19AAD14108374C492C.d.68B25C3FC04BFE19871E0BB88C51F250.e.357"")>",https://m.media-amazon.com/images/I/71Iit7U1S+L._AC_UL320_.jpg,
"<selenium.webdriver.remote.webelement.WebElement (session=""a3513ddf9d8a8fea2c613a58c639a07f"", element=""f.345ADFD742E99E19AAD14108374C492C.d.68B25C3FC04BFE19871E0BB88C51F250.e.359"")>",https://m.media-amazon.com/images/I/81t7ea7s46L._AC_UL320_.jpg,
"<selenium.webdriver.remote.webelement.WebElement (session=""a3513ddf9d8a8fea2c613a58c639a07f"", element=""f.345ADFD742E99E19AAD14108374C492C.d.68B25C3FC04BFE19871E0BB88C51F250.e.361"")>",https://m.media-amazon.com/images/I/719RiDAGXtL._AC_UL320_.jpg,
"<selenium.webdriver.remote.webelement.WebElement (session=""a3513ddf9d8a8fea2c613a58c639a07f"", element=""f.345ADFD742E99E19AAD14108374C492C.d.68B25C3FC04BFE19871E0BB88C51F250.e.363"")>",https://m.media-amazon.com/images/I/61tRHawoKiL._AC_UL320_.jpg,
"<selenium.webdriver.remote.webelement.WebElement (session=""a3513ddf9d8a8fea2c613a58c639a07f"", element=""f.345ADFD742E99E19AAD14108374C492C.d.68B25C3FC04BFE19871E0BB88C51F250.e.365"")>",https://m.media-amazon.com/images/I/71ES2bVTmFL._AC_UL320_.jpg,
"<selenium.webdriver.remote.webelement.WebElement (session=""a3513ddf9d8a8fea2c613a58c639a07f"", element=""f.345ADFD742E99E19AAD14108374C492C.d.68B25C3FC04BFE19871E0BB88C51F250.e.367"")>",https://m.media-amazon.com/images/I/71e50xUeGML._AC_UL320_.jpg,
"<selenium.webdriver.remote.webelement.WebElement (session=""a3513ddf9d8a8fea2c613a58c639a07f"", element=""f.345ADFD742E99E19AAD14108374C492C.d.68B25C3FC04BFE19871E0BB88C51F250.e.369"")>",https://m.media-amazon.com/images/I/61ESEPGpJPL._AC_UL320_.jpg,
"<selenium.webdriver.remote.webelement.WebElement (session=""a3513ddf9d8a8fea2c613a58c639a07f"", element=""f.345ADFD742E99E19AAD14108374C492C.d.68B25C3FC04BFE19871E0BB88C51F250.e.371"")>",https://m.media-amazon.com/images/I/610BF3kqBZL._AC_UL320_.jpg,
"<selenium.webdriver.remote.webelement.WebElement (session=""a3513ddf9d8a8fea2c613a58c639a07f"", element=""f.345ADFD742E99E19AAD14108374C492C.d.68B25C3FC04BFE19871E0BB88C51F250.e.373"")>",https://m.media-amazon.com/images/I/81RSrpHOiaL._AC_UL320_.jpg,
"<selenium.webdriver.remote.webelement.WebElement (session=""a3513ddf9d8a8fea2c613a58c639a07f"", element=""f.345ADFD742E99E19AAD14108374C492C.d.68B25C3FC04BFE19871E0BB88C51F250.e.375"")>",https://m.media-amazon.com/images/I/61ybeKQto8L._AC_UL320_.jpg,
"<selenium.webdriver.remote.webelement.WebElement (session=""a3513ddf9d8a8fea2c613a58c639a07f"", element=""f.345ADFD742E99E19AAD14108374C492C.d.68B25C3FC04BFE19871E0BB88C51F250.e.377"")>",https://m.media-amazon.com/images/I/61eac98fJRL._AC_UL320_.jpg,
"<selenium.webdriver.remote.webelement.WebElement (session=""a3513ddf9d8a8fea2c613a58c639a07f"", element=""f.345ADFD742E99E19AAD14108374C492C.d.68B25C3FC04BFE19871E0BB88C51F250.e.379"")>",https://m.media-amazon.com/images/I/71Pd8JALUrL._AC_UL320_.jpg,
"<selenium.webdriver.remote.webelement.WebElement (session=""a3513ddf9d8a8fea2c613a58c639a07f"", element=""f.345ADFD742E99E19AAD14108374C492C.d.68B25C3FC04BFE19871E0BB88C51F250.e.381"")>",https://m.media-amazon.com/images/I/71Z3NkBq5PL._AC_UL320_.jpg,
"<selenium.webdriver.remote.webelement.WebElement (session=""a3513ddf9d8a8fea2c613a58c639a07f"", element=""f.345ADFD742E99E19AAD14108374C492C.d.68B25C3FC04BFE19871E0BB88C51F250.e.383"")>",https://m.media-amazon.com/images/I/61IGSSfF-JL._AC_UL320_.jpg,
"<selenium.webdriver.remote.webelement.WebElement (session=""a3513ddf9d8a8fea2c613a58c639a07f"", element=""f.345ADFD742E99E19AAD14108374C492C.d.68B25C3FC04BFE19871E0BB88C51F250.e.385"")>",https://m.media-amazon.com/images/I/41dannBuneL._AC_UL320_.jpg,
"<selenium.webdriver.remote.webelement.WebElement (session=""a3513ddf9d8a8fea2c613a58c639a07f"", element=""f.345ADFD742E99E19AAD14108374C492C.d.68B25C3FC04BFE19871E0BB88C51F250.e.387"")>",https://m.media-amazon.com/images/I/61BoaOUf+KL._AC_UL320_.jpg,
"<selenium.webdriver.remote.webelement.WebElement (session=""a3513ddf9d8a8fea2c613a58c639a07f"", element=""f.345ADFD742E99E19AAD14108374C492C.d.68B25C3FC04BFE19871E0BB88C51F250.e.389"")>",https://m.media-amazon.com/images/I/71DSA+AvbVL._AC_UL320_.jpg,
"<selenium.webdriver.remote.webelement.WebElement (session=""a3513ddf9d8a8fea2c613a58c639a07f"", element=""f.345ADFD742E99E19AAD14108374C492C.d.68B25C3FC04BFE19871E0BB88C51F250.e.391"")>",https://m.media-amazon.com/images/I/715u6l7tnGL._AC_UL320_.jpg,
"<selenium.webdriver.remote.webelement.WebElement (session=""a3513ddf9d8a8fea2c613a58c639a07f"", element=""f.345ADFD742E99E19AAD14108374C492C.d.68B25C3FC04BFE19871E0BB88C51F250.e.393"")>",https://m.media-amazon.com/images/I/61KkqKwwVRL._AC_UL320_.jpg,
"<selenium.webdriver.remote.webelement.WebElement (session=""a3513ddf9d8a8fea2c613a58c639a07f"", element=""f.345ADFD742E99E19AAD14108374C492C.d.68B25C3FC04BFE19871E0BB88C51F250.e.395"")>",https://m.media-amazon.com/images/I/71aTghUQfqL._AC_UL320_.jpg,
"<selenium.webdriver.remote.webelement.WebElement (session=""a3513ddf9d8a8fea2c613a58c639a07f"", element=""f.345ADFD742E99E19AAD14108374C492C.d.68B25C3FC04BFE19871E0BB88C51F250.e.397"")>",https://m.media-amazon.com/images/I/61U3j88iDBL._AC_UL320_.jpg,
"<selenium.webdriver.remote.webelement.WebElement (session=""a3513ddf9d8a8fea2c613a58c639a07f"", element=""f.345ADFD742E99E19AAD14108374C492C.d.68B25C3FC04BFE19871E0BB88C51F250.e.399"")>",https://m.media-amazon.com/images/I/61uOqJj1SVL._AC_UL320_.jpg,
"<selenium.webdriver.remote.webelement.WebElement (session=""a3513ddf9d8a8fea2c613a58c639a07f"", element=""f.345ADFD742E99E19AAD14108374C492C.d.68B25C3FC04BFE19871E0BB88C51F250.e.401"")>",https://m.media-amazon.com/images/I/51V0QjoUh9L._AC_UL320_.jpg,
"<selenium.webdriver.remote.webelement.WebElement (session=""a3513ddf9d8a8fea2c613a58c639a07f"", element=""f.345ADFD742E99E19AAD14108374C492C.d.68B25C3FC04BFE19871E0BB88C51F250.e.403"")>",https://m.media-amazon.com/images/I/51ebuir2M-L._AC_UL320_.jpg,
"<selenium.webdriver.remote.webelement.WebElement (session=""a3513ddf9d8a8fea2c613a58c639a07f"", element=""f.345ADFD742E99E19AAD14108374C492C.d.68B25C3FC04BFE19871E0BB88C51F250.e.405"")>",https://m.media-amazon.com/images/I/61LXKWOKeQL._AC_UL320_.jpg,
"<selenium.webdriver.remote.webelement.WebElement (session=""a3513ddf9d8a8fea2c613a58c639a07f"", element=""f.345ADFD742E99E19AAD14108374C492C.d.68B25C3FC04BFE19871E0BB88C51F250.e.407"")>",https://m.media-amazon.com/images/I/61MF+B2f4SL._AC_UL320_.jpg,
"<selenium.webdriver.remote.webelement.WebElement (session=""a3513ddf9d8a8fea2c613a58c639a07f"", element=""f.345ADFD742E99E19AAD14108374C492C.d.68B25C3FC04BFE19871E0BB88C51F250.e.409"")>",https://m.media-amazon.com/images/I/716PduaLRJL._AC_UL320_.jpg,
"<selenium.webdriver.remote.webelement.WebElement (session=""a3513ddf9d8a8fea2c613a58c639a07f"", element=""f.345ADFD742E99E19AAD14108374C492C.d.68B25C3FC04BFE19871E0BB88C51F250.e.411"")>",https://m.media-amazon.com/images/I/71uquApZBxL._AC_UL320_.jpg,
"<selenium.webdriver.remote.webelement.WebElement (session=""a3513ddf9d8a8fea2c613a58c639a07f"", element=""f.345ADFD742E99E19AAD14108374C492C.d.68B25C3FC04BFE19871E0BB88C51F250.e.413"")>",https://m.media-amazon.com/images/I/718aQSkSKmL._AC_UL320_.jpg,
"<selenium.webdriver.remote.webelement.WebElement (session=""a3513ddf9d8a8fea2c613a58c639a07f"", element=""f.345ADFD742E99E19AAD14108374C492C.d.68B25C3FC04BFE19871E0BB88C51F250.e.415"")>",https://m.media-amazon.com/images/I/51tEtj7nS7L._AC_UL320_.jpg,
"<selenium.webdriver.remote.webelement.WebElement (session=""a3513ddf9d8a8fea2c613a58c639a07f"", element=""f.345ADFD742E99E19AAD14108374C492C.d.68B25C3FC04BFE19871E0BB88C51F250.e.417"")>",https://m.media-amazon.com/images/I/51WrGMBhjBL._AC_UL320_.jpg,
"<selenium.webdriver.remote.webelement.WebElement (session=""a3513ddf9d8a8fea2c613a58c639a07f"", element=""f.345ADFD742E99E19AAD14108374C492C.d.68B25C3FC04BFE19871E0BB88C51F250.e.419"")>",https://m.media-amazon.com/images/I/51H6UStOzsL._AC_UL320_.jpg,
"<selenium.webdriver.remote.webelement.WebElement (session=""a3513ddf9d8a8fea2c613a58c639a07f"", element=""f.345ADFD742E99E19AAD14108374C492C.d.68B25C3FC04BFE19871E0BB88C51F250.e.421"")>",https://m.media-amazon.com/images/I/51UyQD7kUDL._AC_UL320_.jpg,
"<selenium.webdriver.remote.webelement.WebElement (session=""a3513ddf9d8a8fea2c613a58c639a07f"", element=""f.345ADFD742E99E19AAD14108374C492C.d.68B25C3FC04BFE19871E0BB88C51F250.e.423"")>",https://m.media-amazon.com/images/I/51EiXZQZcJL._AC_UL320_.jpg,
"<selenium.webdriver.remote.webelement.WebElement (session=""a3513ddf9d8a8fea2c613a58c639a07f"", element=""f.345ADFD742E99E19AAD14108374C492C.d.68B25C3FC04BFE19871E0BB88C51F250.e.425"")>",https://m.media-amazon.com/images/I/71xWTRN2W-L._AC_UL320_.jpg,
"<selenium.webdriver.remote.webelement.WebElement (session=""a3513ddf9d8a8fea2c613a58c639a07f"", element=""f.345ADFD742E99E19AAD14108374C492C.d.68B25C3FC04BFE19871E0BB88C51F250.e.427"")>",https://m.media-amazon.com/images/I/81sdm-eVGqS._AC_UL320_.jpg,
"<selenium.webdriver.remote.webelement.WebElement (session=""a3513ddf9d8a8fea2c613a58c639a07f"", element=""f.345ADFD742E99E19AAD14108374C492C.d.68B25C3FC04BFE19871E0BB88C51F250.e.429"")>",https://m.media-amazon.com/images/I/711G-fvEShL._AC_UL320_.jpg,
"<selenium.webdriver.remote.webelement.WebElement (session=""a3513ddf9d8a8fea2c613a58c639a07f"", element=""f.345ADFD742E99E19AAD14108374C492C.d.68B25C3FC04BFE19871E0BB88C51F250.e.431"")>",https://m.media-amazon.com/images/I/61Q5TPiBh2L._AC_UL320_.jpg,
"<selenium.webdriver.remote.webelement.WebElement (session=""a3513ddf9d8a8fea2c613a58c639a07f"", element=""f.345ADFD742E99E19AAD14108374C492C.d.68B25C3FC04BFE19871E0BB88C51F250.e.433"")>",https://m.media-amazon.com/images/I/71eREJWfKFL._AC_UL320_.jpg,
"<selenium.webdriver.remote.webelement.WebElement (session=""a3513ddf9d8a8fea2c613a58c639a07f"", element=""f.345ADFD742E99E19AAD14108374C492C.d.68B25C3FC04BFE19871E0BB88C51F250.e.435"")>",https://m.media-amazon.com/images/I/71kbRVr8YfL._AC_UL320_.jpg,
"<selenium.webdriver.remote.webelement.WebElement (session=""a3513ddf9d8a8fea2c613a58c639a07f"", element=""f.345ADFD742E99E19AAD14108374C492C.d.68B25C3FC04BFE19871E0BB88C51F250.e.437"")>",https://m.media-amazon.com/images/I/51ykbSj-eoL._AC_UL320_.jpg,
"<selenium.webdriver.remote.webelement.WebElement (session=""a3513ddf9d8a8fea2c613a58c639a07f"", element=""f.345ADFD742E99E19AAD14108374C492C.d.208C6B6EB3312EE67586D60C9480FEC2.e.715"")>",https://m.media-amazon.com/images/I/81t7ea7s46L._AC_UL320_.jpg,
"<selenium.webdriver.remote.webelement.WebElement (session=""a3513ddf9d8a8fea2c613a58c639a07f"", element=""f.345ADFD742E99E19AAD14108374C492C.d.208C6B6EB3312EE67586D60C9480FEC2.e.717"")>",https://m.media-amazon.com/images/I/61tRHawoKiL._AC_UL320_.jpg,
"<selenium.webdriver.remote.webelement.WebElement (session=""a3513ddf9d8a8fea2c613a58c639a07f"", element=""f.345ADFD742E99E19AAD14108374C492C.d.208C6B6EB3312EE67586D60C9480FEC2.e.719"")>",https://m.media-amazon.com/images/I/71ES2bVTmFL._AC_UL320_.jpg,
"<selenium.webdriver.remote.webelement.WebElement (session=""a3513ddf9d8a8fea2c613a58c639a07f"", element=""f.345ADFD742E99E19AAD14108374C492C.d.208C6B6EB3312EE67586D60C9480FEC2.e.721"")>",https://m.media-amazon.com/images/I/71p+Jyx3Y5L._AC_UL320_.jpg,
"<selenium.webdriver.remote.webelement.WebElement (session=""a3513ddf9d8a8fea2c613a58c639a07f"", element=""f.345ADFD742E99E19AAD14108374C492C.d.208C6B6EB3312EE67586D60C9480FEC2.e.723"")>",https://m.media-amazon.com/images/I/713k0jXW9QL._AC_UL320_.jpg,
"<selenium.webdriver.remote.webelement.WebElement (session=""a3513ddf9d8a8fea2c613a58c639a07f"", element=""f.345ADFD742E99E19AAD14108374C492C.d.208C6B6EB3312EE67586D60C9480FEC2.e.725"")>",https://m.media-amazon.com/images/I/51qvmUtvsQL._AC_UL320_.jpg,
"<selenium.webdriver.remote.webelement.WebElement (session=""a3513ddf9d8a8fea2c613a58c639a07f"", element=""f.345ADFD742E99E19AAD14108374C492C.d.208C6B6EB3312EE67586D60C9480FEC2.e.727"")>",https://m.media-amazon.com/images/I/61vcJoLccLL._AC_UL320_.jpg,
"<selenium.webdriver.remote.webelement.WebElement (session=""a3513ddf9d8a8fea2c613a58c639a07f"", element=""f.345ADFD742E99E19AAD14108374C492C.d.208C6B6EB3312EE67586D60C9480FEC2.e.729"")>",https://m.media-amazon.com/images/I/51DXoXxR9aL._AC_UL320_.jpg,
"<selenium.webdriver.remote.webelement.WebElement (session=""a3513ddf9d8a8fea2c613a58c639a07f"", element=""f.345ADFD742E99E19AAD14108374C492C.d.208C6B6EB3312EE67586D60C9480FEC2.e.731"")>",https://m.media-amazon.com/images/I/71BrH3Xws7L._AC_UL320_.jpg,
"<selenium.webdriver.remote.webelement.WebElement (session=""a3513ddf9d8a8fea2c613a58c639a07f"", element=""f.345ADFD742E99E19AAD14108374C492C.d.208C6B6EB3312EE67586D60C9480FEC2.e.733"")>",https://m.media-amazon.com/images/I/61rmkmqD5VL._AC_UL320_.jpg,
"<selenium.webdriver.remote.webelement.WebElement (session=""a3513ddf9d8a8fea2c613a58c639a07f"", element=""f.345ADFD742E99E19AAD14108374C492C.d.208C6B6EB3312EE67586D60C9480FEC2.e.735"")>",https://m.media-amazon.com/images/I/511gHFVWqpL._AC_UL320_.jpg,
"<selenium.webdriver.remote.webelement.WebElement (session=""a3513ddf9d8a8fea2c613a58c639a07f"", element=""f.345ADFD742E99E19AAD14108374C492C.d.208C6B6EB3312EE67586D60C9480FEC2.e.737"")>",https://m.media-amazon.com/images/I/71TU+WciNeL._AC_UL320_.jpg,
"<selenium.webdriver.remote.webelement.WebElement (session=""a3513ddf9d8a8fea2c613a58c639a07f"", element=""f.345ADFD742E99E19AAD14108374C492C.d.208C6B6EB3312EE67586D60C9480FEC2.e.739"")>",https://m.media-amazon.com/images/I/81w3gMM9vaS._AC_UL320_.jpg,
"<selenium.webdriver.remote.webelement.WebElement (session=""a3513ddf9d8a8fea2c613a58c639a07f"", element=""f.345ADFD742E99E19AAD14108374C492C.d.208C6B6EB3312EE67586D60C9480FEC2.e.741"")>",https://m.media-amazon.com/images/I/71-+chJUpLL._AC_UL320_.jpg,
"<selenium.webdriver.remote.webelement.WebElement (session=""a3513ddf9d8a8fea2c613a58c639a07f"", element=""f.345ADFD742E99E19AAD14108374C492C.d.208C6B6EB3312EE67586D60C9480FEC2.e.743"")>",https://m.media-amazon.com/images/I/71U5K4yPj3L._AC_UL320_.jpg,
"<selenium.webdriver.remote.webelement.WebElement (session=""a3513ddf9d8a8fea2c613a58c639a07f"", element=""f.345ADFD742E99E19AAD14108374C492C.d.208C6B6EB3312EE67586D60C9480FEC2.e.745"")>",https://m.media-amazon.com/images/I/61Q2aOIpXZL._AC_UL320_.jpg,
"<selenium.webdriver.remote.webelement.WebElement (session=""a3513ddf9d8a8fea2c613a58c639a07f"", element=""f.345ADFD742E99E19AAD14108374C492C.d.208C6B6EB3312EE67586D60C9480FEC2.e.747"")>",https://m.media-amazon.com/images/I/71-DtcjBvYL._AC_UL320_.jpg,
"<selenium.webdriver.remote.webelement.WebElement (session=""a3513ddf9d8a8fea2c613a58c639a07f"", element=""f.345ADFD742E99E19AAD14108374C492C.d.208C6B6EB3312EE67586D60C9480FEC2.e.749"")>",https://m.media-amazon.com/images/I/61tn+4C108L._AC_UL320_.jpg,
"<selenium.webdriver.remote.webelement.WebElement (session=""a3513ddf9d8a8fea2c613a58c639a07f"", element=""f.345ADFD742E99E19AAD14108374C492C.d.208C6B6EB3312EE67586D60C9480FEC2.e.751"")>",https://m.media-amazon.com/images/I/61AUHA1rnYL._AC_UL320_.jpg,
"<selenium.webdriver.remote.webelement.WebElement (session=""a3513ddf9d8a8fea2c613a58c639a07f"", element=""f.345ADFD742E99E19AAD14108374C492C.d.208C6B6EB3312EE67586D60C9480FEC2.e.753"")>",https://m.media-amazon.com/images/I/61ATaTpvEQL._AC_UL320_.jpg,
"<selenium.webdriver.remote.webelement.WebElement (session=""a3513ddf9d8a8fea2c613a58c639a07f"", element=""f.345ADFD742E99E19AAD14108374C492C.d.208C6B6EB3312EE67586D60C9480FEC2.e.755"")>",https://m.media-amazon.com/images/I/719RiDAGXtL._AC_UL320_.jpg,
"<selenium.webdriver.remote.webelement.WebElement (session=""a3513ddf9d8a8fea2c613a58c639a07f"", element=""f.345ADFD742E99E19AAD14108374C492C.d.208C6B6EB3312EE67586D60C9480FEC2.e.757"")>",https://m.media-amazon.com/images/I/71kbRVr8YfL._AC_UL320_.jpg,
"<selenium.webdriver.remote.webelement.WebElement (session=""a3513ddf9d8a8fea2c613a58c639a07f"", element=""f.345ADFD742E99E19AAD14108374C492C.d.208C6B6EB3312EE67586D60C9480FEC2.e.759"")>",https://m.media-amazon.com/images/I/71eREJWfKFL._AC_UL320_.jpg,
"<selenium.webdriver.remote.webelement.WebElement (session=""a3513ddf9d8a8fea2c613a58c639a07f"", element=""f.345ADFD742E99E19AAD14108374C492C.d.208C6B6EB3312EE67586D60C9480FEC2.e.761"")>",https://m.media-amazon.com/images/I/51ykbSj-eoL._AC_UL320_.jpg,
"<selenium.webdriver.remote.webelement.WebElement (session=""a3513ddf9d8a8fea2c613a58c639a07f"", element=""f.345ADFD742E99E19AAD14108374C492C.d.208C6B6EB3312EE67586D60C9480FEC2.e.763"")>",https://m.media-amazon.com/images/I/71iWfbFvS5L._AC_UL320_.jpg,
"<selenium.webdriver.remote.webelement.WebElement (session=""a3513ddf9d8a8fea2c613a58c639a07f"", element=""f.345ADFD742E99E19AAD14108374C492C.d.208C6B6EB3312EE67586D60C9480FEC2.e.765"")>",https://m.media-amazon.com/images/I/51GTIuTUgLL._AC_UL320_.jpg,
"<selenium.webdriver.remote.webelement.WebElement (session=""a3513ddf9d8a8fea2c613a58c639a07f"", element=""f.345ADFD742E99E19AAD14108374C492C.d.208C6B6EB3312EE67586D60C9480FEC2.e.767"")>",https://m.media-amazon.com/images/I/61fMY-sUiHL._AC_UL320_.jpg,
"<selenium.webdriver.remote.webelement.WebElement (session=""a3513ddf9d8a8fea2c613a58c639a07f"", element=""f.345ADFD742E99E19AAD14108374C492C.d.208C6B6EB3312EE67586D60C9480FEC2.e.769"")>",https://m.media-amazon.com/images/I/71FFa3U4SzL._AC_UL320_.jpg,
"<selenium.webdriver.remote.webelement.WebElement (session=""a3513ddf9d8a8fea2c613a58c639a07f"", element=""f.345ADFD742E99E19AAD14108374C492C.d.208C6B6EB3312EE67586D60C9480FEC2.e.771"")>",https://m.media-amazon.com/images/I/61R0bu3UbNL._AC_UL320_.jpg,
"<selenium.webdriver.remote.webelement.WebElement (session=""a3513ddf9d8a8fea2c613a58c639a07f"", element=""f.345ADFD742E99E19AAD14108374C492C.d.208C6B6EB3312EE67586D60C9480FEC2.e.773"")>",https://m.media-amazon.com/images/I/51TlitX26gL._AC_UL320_.jpg,
"<selenium.webdriver.remote.webelement.WebElement (session=""a3513ddf9d8a8fea2c613a58c639a07f"", element=""f.345ADFD742E99E19AAD14108374C492C.d.208C6B6EB3312EE67586D60C9480FEC2.e.775"")>",https://m.media-amazon.com/images/I/71MlmOso55L._AC_UL320_.jpg,
"<selenium.webdriver.remote.webelement.WebElement (session=""a3513ddf9d8a8fea2c613a58c639a07f"", element=""f.345ADFD742E99E19AAD14108374C492C.d.208C6B6EB3312EE67586D60C9480FEC2.e.777"")>",https://m.media-amazon.com/images/I/810t6MNakWL._AC_UL320_.jpg,
"<selenium.webdriver.remote.webelement.WebElement (session=""a3513ddf9d8a8fea2c613a58c639a07f"", element=""f.345ADFD742E99E19AAD14108374C492C.d.208C6B6EB3312EE67586D60C9480FEC2.e.779"")>",https://m.media-amazon.com/images/I/51fWn-BEXcL._AC_UL320_.jpg,
"<selenium.webdriver.remote.webelement.WebElement (session=""a3513ddf9d8a8fea2c613a58c639a07f"", element=""f.345ADFD742E99E19AAD14108374C492C.d.208C6B6EB3312EE67586D60C9480FEC2.e.781"")>",https://m.media-amazon.com/images/I/61+11v4cMaL._AC_UL320_.jpg,
"<selenium.webdriver.remote.webelement.WebElement (session=""a3513ddf9d8a8fea2c613a58c639a07f"", element=""f.345ADFD742E99E19AAD14108374C492C.d.208C6B6EB3312EE67586D60C9480FEC2.e.783"")>",https://m.media-amazon.com/images/I/71UGmKkgjBL._AC_UL320_.jpg,
"<selenium.webdriver.remote.webelement.WebElement (session=""a3513ddf9d8a8fea2c613a58c639a07f"", element=""f.345ADFD742E99E19AAD14108374C492C.d.208C6B6EB3312EE67586D60C9480FEC2.e.785"")>",https://m.media-amazon.com/images/I/61zBJcICfFL._AC_UL320_.jpg,
"<selenium.webdriver.remote.webelement.WebElement (session=""a3513ddf9d8a8fea2c613a58c639a07f"", element=""f.345ADFD742E99E19AAD14108374C492C.d.208C6B6EB3312EE67586D60C9480FEC2.e.787"")>",https://m.media-amazon.com/images/I/71zzWPmTYHL._AC_UL320_.jpg,
"<selenium.webdriver.remote.webelement.WebElement (session=""a3513ddf9d8a8fea2c613a58c639a07f"", element=""f.345ADFD742E99E19AAD14108374C492C.d.208C6B6EB3312EE67586D60C9480FEC2.e.789"")>",https://m.media-amazon.com/images/I/51EsP1AMoSL._AC_UL320_.jpg,
"<selenium.webdriver.remote.webelement.WebElement (session=""a3513ddf9d8a8fea2c613a58c639a07f"", element=""f.345ADFD742E99E19AAD14108374C492C.d.208C6B6EB3312EE67586D60C9480FEC2.e.791"")>",https://m.media-amazon.com/images/I/71taSx89wUL._AC_UL320_.jpg,
"<selenium.webdriver.remote.webelement.WebElement (session=""a3513ddf9d8a8fea2c613a58c639a07f"", element=""f.345ADFD742E99E19AAD14108374C492C.d.208C6B6EB3312EE67586D60C9480FEC2.e.793"")>",https://m.media-amazon.com/images/I/71HH6h7oqML._AC_UL320_.jpg,
"<selenium.webdriver.remote.webelement.WebElement (session=""a3513ddf9d8a8fea2c613a58c639a07f"", element=""f.345ADFD742E99E19AAD14108374C492C.d.208C6B6EB3312EE67586D60C9480FEC2.e.795"")>",https://m.media-amazon.com/images/I/81cuxixj2-L._AC_UL320_.jpg,
"<selenium.webdriver.remote.webelement.WebElement (session=""a3513ddf9d8a8fea2c613a58c639a07f"", element=""f.345ADFD742E99E19AAD14108374C492C.d.208C6B6EB3312EE67586D60C9480FEC2.e.797"")>",https://m.media-amazon.com/images/I/81yDbbIiqBL._AC_UL320_.jpg,
"<selenium.webdriver.remote.webelement.WebElement (session=""a3513ddf9d8a8fea2c613a58c639a07f"", element=""f.345ADFD742E99E19AAD14108374C492C.d.208C6B6EB3312EE67586D60C9480FEC2.e.799"")>",https://m.media-amazon.com/images/I/61d4+bku1nL._AC_UL320_.jpg,
"<selenium.webdriver.remote.webelement.WebElement (session=""a3513ddf9d8a8fea2c613a58c639a07f"", element=""f.345ADFD742E99E19AAD14108374C492C.d.208C6B6EB3312EE67586D60C9480FEC2.e.801"")>",https://m.media-amazon.com/images/I/71ABx9p0q0L._AC_UL320_.jpg,
"<selenium.webdriver.remote.webelement.WebElement (session=""a3513ddf9d8a8fea2c613a58c639a07f"", element=""f.345ADFD742E99E19AAD14108374C492C.d.208C6B6EB3312EE67586D60C9480FEC2.e.803"")>",https://m.media-amazon.com/images/I/71WOG522GbL._AC_UL320_.jpg,
"<selenium.webdriver.remote.webelement.WebElement (session=""a3513ddf9d8a8fea2c613a58c639a07f"", element=""f.345ADFD742E99E19AAD14108374C492C.d.208C6B6EB3312EE67586D60C9480FEC2.e.805"")>",https://m.media-amazon.com/images/I/61VMO4oqi0L._AC_UL320_.jpg,
"<selenium.webdriver.remote.webelement.WebElement (session=""a3513ddf9d8a8fea2c613a58c639a07f"", element=""f.345ADFD742E99E19AAD14108374C492C.d.208C6B6EB3312EE67586D60C9480FEC2.e.807"")>",https://m.media-amazon.com/images/I/51IBH6pTNOL._AC_UL320_.jpg,
"<selenium.webdriver.remote.webelement.WebElement (session=""a3513ddf9d8a8fea2c613a58c639a07f"", element=""f.345ADFD742E99E19AAD14108374C492C.d.208C6B6EB3312EE67586D60C9480FEC2.e.809"")>",https://m.media-amazon.com/images/I/51qo8GovSpL._AC_UL320_.jpg,
"<selenium.webdriver.remote.webelement.WebElement (session=""a3513ddf9d8a8fea2c613a58c639a07f"", element=""f.345ADFD742E99E19AAD14108374C492C.d.208C6B6EB3312EE67586D60C9480FEC2.e.811"")>",https://m.media-amazon.com/images/I/71m-kRT4unL._AC_UL320_.jpg,
"<selenium.webdriver.remote.webelement.WebElement (session=""a3513ddf9d8a8fea2c613a58c639a07f"", element=""f.345ADFD742E99E19AAD14108374C492C.d.208C6B6EB3312EE67586D60C9480FEC2.e.813"")>",https://m.media-amazon.com/images/I/714ScNG+gqL._AC_UL320_.jpg,
"<selenium.webdriver.remote.webelement.WebElement (session=""a3513ddf9d8a8fea2c613a58c639a07f"", element=""f.345ADFD742E99E19AAD14108374C492C.d.208C6B6EB3312EE67586D60C9480FEC2.e.815"")>",https://m.media-amazon.com/images/I/71rl00Qr8CL._AC_UL320_.jpg,
"<selenium.webdriver.remote.webelement.WebElement (session=""a3513ddf9d8a8fea2c613a58c639a07f"", element=""f.345ADFD742E99E19AAD14108374C492C.d.208C6B6EB3312EE67586D60C9480FEC2.e.817"")>",https://m.media-amazon.com/images/I/51YlA2XPqmL._AC_UL320_.jpg,
"<selenium.webdriver.remote.webelement.WebElement (session=""a3513ddf9d8a8fea2c613a58c639a07f"", element=""f.345ADFD742E99E19AAD14108374C492C.d.208C6B6EB3312EE67586D60C9480FEC2.e.819"")>",https://m.media-amazon.com/images/I/51Z3J7uzNfL._AC_UL320_.jpg,
"<selenium.webdriver.remote.webelement.WebElement (session=""a3513ddf9d8a8fea2c613a58c639a07f"", element=""f.345ADFD742E99E19AAD14108374C492C.d.208C6B6EB3312EE67586D60C9480FEC2.e.821"")>",https://m.media-amazon.com/images/I/71pKd+rnWoL._AC_UL320_.jpg,
"<selenium.webdriver.remote.webelement.WebElement (session=""a3513ddf9d8a8fea2c613a58c639a07f"", element=""f.345ADFD742E99E19AAD14108374C492C.d.208C6B6EB3312EE67586D60C9480FEC2.e.823"")>",https://m.media-amazon.com/images/I/71lYjuO+OlL._AC_UL320_.jpg,
"<selenium.webdriver.remote.webelement.WebElement (session=""a3513ddf9d8a8fea2c613a58c639a07f"", element=""f.345ADFD742E99E19AAD14108374C492C.d.208C6B6EB3312EE67586D60C9480FEC2.e.825"")>",https://m.media-amazon.com/images/I/511U8Bf5O3L._AC_UL320_.jpg,
"<selenium.webdriver.remote.webelement.WebElement (session=""a3513ddf9d8a8fea2c613a58c639a07f"", element=""f.345ADFD742E99E19AAD14108374C492C.d.208C6B6EB3312EE67586D60C9480FEC2.e.827"")>",https://m.media-amazon.com/images/I/61AmbQ9vg0L._AC_UL320_.jpg,
"<selenium.webdriver.remote.webelement.WebElement (session=""a3513ddf9d8a8fea2c613a58c639a07f"", element=""f.345ADFD742E99E19AAD14108374C492C.d.208C6B6EB3312EE67586D60C9480FEC2.e.829"")>",https://m.media-amazon.com/images/I/51WrGMBhjBL._AC_UL320_.jpg,
"<selenium.webdriver.remote.webelement.WebElement (session=""a3513ddf9d8a8fea2c613a58c639a07f"", element=""f.345ADFD742E99E19AAD14108374C492C.d.208C6B6EB3312EE67586D60C9480FEC2.e.831"")>",https://m.media-amazon.com/images/I/71-DtcjBvYL._AC_UL320_.jpg,
"<selenium.webdriver.remote.webelement.WebElement (session=""a3513ddf9d8a8fea2c613a58c639a07f"", element=""f.345ADFD742E99E19AAD14108374C492C.d.208C6B6EB3312EE67586D60C9480FEC2.e.833"")>",https://m.media-amazon.com/images/I/511B0fTOENL._AC_UL320_.jpg,
"<selenium.webdriver.remote.webelement.WebElement (session=""a3513ddf9d8a8fea2c613a58c639a07f"", element=""f.345ADFD742E99E19AAD14108374C492C.d.8EB37DA501366992A15B99D29FE05AA9.e.1111"")>",https://m.media-amazon.com/images/I/61tRHawoKiL._AC_UL320_.jpg,
"<selenium.webdriver.remote.webelement.WebElement (session=""a3513ddf9d8a8fea2c613a58c639a07f"", element=""f.345ADFD742E99E19AAD14108374C492C.d.8EB37DA501366992A15B99D29FE05AA9.e.1113"")>",https://m.media-amazon.com/images/I/71q2Dw4RtuL._AC_UL320_.jpg,
"<selenium.webdriver.remote.webelement.WebElement (session=""a3513ddf9d8a8fea2c613a58c639a07f"", element=""f.345ADFD742E99E19AAD14108374C492C.d.8EB37DA501366992A15B99D29FE05AA9.e.1115"")>",https://m.media-amazon.com/images/I/81t7ea7s46L._AC_UL320_.jpg,
"<selenium.webdriver.remote.webelement.WebElement (session=""a3513ddf9d8a8fea2c613a58c639a07f"", element=""f.345ADFD742E99E19AAD14108374C492C.d.8EB37DA501366992A15B99D29FE05AA9.e.1117"")>",https://m.media-amazon.com/images/I/61AmbQ9vg0L._AC_UL320_.jpg,
"<selenium.webdriver.remote.webelement.WebElement (session=""a3513ddf9d8a8fea2c613a58c639a07f"", element=""f.345ADFD742E99E19AAD14108374C492C.d.8EB37DA501366992A15B99D29FE05AA9.e.1119"")>",https://m.media-amazon.com/images/I/71F3ELXKmlL._AC_UL320_.jpg,
"<selenium.webdriver.remote.webelement.WebElement (session=""a3513ddf9d8a8fea2c613a58c639a07f"", element=""f.345ADFD742E99E19AAD14108374C492C.d.8EB37DA501366992A15B99D29FE05AA9.e.1121"")>",https://m.media-amazon.com/images/I/61t5vb1LAUL._AC_UL320_.jpg,
"<selenium.webdriver.remote.webelement.WebElement (session=""a3513ddf9d8a8fea2c613a58c639a07f"", element=""f.345ADFD742E99E19AAD14108374C492C.d.8EB37DA501366992A15B99D29FE05AA9.e.1123"")>",https://m.media-amazon.com/images/I/51gVOk6qV4L._AC_UL320_.jpg,
"<selenium.webdriver.remote.webelement.WebElement (session=""a3513ddf9d8a8fea2c613a58c639a07f"", element=""f.345ADFD742E99E19AAD14108374C492C.d.8EB37DA501366992A15B99D29FE05AA9.e.1125"")>",https://m.media-amazon.com/images/I/51n52OFMU9L._AC_UL320_.jpg,
"<selenium.webdriver.remote.webelement.WebElement (session=""a3513ddf9d8a8fea2c613a58c639a07f"", element=""f.345ADFD742E99E19AAD14108374C492C.d.8EB37DA501366992A15B99D29FE05AA9.e.1127"")>",https://m.media-amazon.com/images/I/71mVQp3R08L._AC_UL320_.jpg,
"<selenium.webdriver.remote.webelement.WebElement (session=""a3513ddf9d8a8fea2c613a58c639a07f"", element=""f.345ADFD742E99E19AAD14108374C492C.d.8EB37DA501366992A15B99D29FE05AA9.e.1129"")>",https://m.media-amazon.com/images/I/618qhNo1BOL._AC_UL320_.jpg,
"<selenium.webdriver.remote.webelement.WebElement (session=""a3513ddf9d8a8fea2c613a58c639a07f"", element=""f.345ADFD742E99E19AAD14108374C492C.d.8EB37DA501366992A15B99D29FE05AA9.e.1131"")>",https://m.media-amazon.com/images/I/81flbxUBzpL._AC_UL320_.jpg,
"<selenium.webdriver.remote.webelement.WebElement (session=""a3513ddf9d8a8fea2c613a58c639a07f"", element=""f.345ADFD742E99E19AAD14108374C492C.d.8EB37DA501366992A15B99D29FE05AA9.e.1133"")>",https://m.media-amazon.com/images/I/719uAtmwghL._AC_UL320_.jpg,
"<selenium.webdriver.remote.webelement.WebElement (session=""a3513ddf9d8a8fea2c613a58c639a07f"", element=""f.345ADFD742E99E19AAD14108374C492C.d.8EB37DA501366992A15B99D29FE05AA9.e.1135"")>",https://m.media-amazon.com/images/I/61DEUVd9PwL._AC_UL320_.jpg,
"<selenium.webdriver.remote.webelement.WebElement (session=""a3513ddf9d8a8fea2c613a58c639a07f"", element=""f.345ADFD742E99E19AAD14108374C492C.d.8EB37DA501366992A15B99D29FE05AA9.e.1137"")>",https://m.media-amazon.com/images/I/51uOCdmf4zL._AC_UL320_.jpg,
"<selenium.webdriver.remote.webelement.WebElement (session=""a3513ddf9d8a8fea2c613a58c639a07f"", element=""f.345ADFD742E99E19AAD14108374C492C.d.8EB37DA501366992A15B99D29FE05AA9.e.1139"")>",https://m.media-amazon.com/images/I/61uhhnPo9dL._AC_UL320_.jpg,
"<selenium.webdriver.remote.webelement.WebElement (session=""a3513ddf9d8a8fea2c613a58c639a07f"", element=""f.345ADFD742E99E19AAD14108374C492C.d.8EB37DA501366992A15B99D29FE05AA9.e.1141"")>",https://m.media-amazon.com/images/I/51MwII+iyML._AC_UL320_.jpg,
"<selenium.webdriver.remote.webelement.WebElement (session=""a3513ddf9d8a8fea2c613a58c639a07f"", element=""f.345ADFD742E99E19AAD14108374C492C.d.8EB37DA501366992A15B99D29FE05AA9.e.1143"")>",https://m.media-amazon.com/images/I/81oS2scJ5GL._AC_UL320_.jpg,
"<selenium.webdriver.remote.webelement.WebElement (session=""a3513ddf9d8a8fea2c613a58c639a07f"", element=""f.345ADFD742E99E19AAD14108374C492C.d.8EB37DA501366992A15B99D29FE05AA9.e.1145"")>",https://m.media-amazon.com/images/I/71SfuJukJKL._AC_UL320_.jpg,
"<selenium.webdriver.remote.webelement.WebElement (session=""a3513ddf9d8a8fea2c613a58c639a07f"", element=""f.345ADFD742E99E19AAD14108374C492C.d.8EB37DA501366992A15B99D29FE05AA9.e.1147"")>",https://m.media-amazon.com/images/I/51JCi7iAaSL._AC_UL320_.jpg,
"<selenium.webdriver.remote.webelement.WebElement (session=""a3513ddf9d8a8fea2c613a58c639a07f"", element=""f.345ADFD742E99E19AAD14108374C492C.d.8EB37DA501366992A15B99D29FE05AA9.e.1149"")>",https://m.media-amazon.com/images/I/81ejz3uOYRL._AC_UL320_.jpg,
"<selenium.webdriver.remote.webelement.WebElement (session=""a3513ddf9d8a8fea2c613a58c639a07f"", element=""f.345ADFD742E99E19AAD14108374C492C.d.8EB37DA501366992A15B99D29FE05AA9.e.1151"")>",https://m.media-amazon.com/images/I/71WPK-QmbhL._AC_UL320_.jpg,
"<selenium.webdriver.remote.webelement.WebElement (session=""a3513ddf9d8a8fea2c613a58c639a07f"", element=""f.345ADFD742E99E19AAD14108374C492C.d.8EB37DA501366992A15B99D29FE05AA9.e.1153"")>",https://m.media-amazon.com/images/I/719RiDAGXtL._AC_UL320_.jpg,
"<selenium.webdriver.remote.webelement.WebElement (session=""a3513ddf9d8a8fea2c613a58c639a07f"", element=""f.345ADFD742E99E19AAD14108374C492C.d.8EB37DA501366992A15B99D29FE05AA9.e.1155"")>",https://m.media-amazon.com/images/I/71eREJWfKFL._AC_UL320_.jpg,
"<selenium.webdriver.remote.webelement.WebElement (session=""a3513ddf9d8a8fea2c613a58c639a07f"", element=""f.345ADFD742E99E19AAD14108374C492C.d.8EB37DA501366992A15B99D29FE05AA9.e.1157"")>",https://m.media-amazon.com/images/I/71kbRVr8YfL._AC_UL320_.jpg,
"<selenium.webdriver.remote.webelement.WebElement (session=""a3513ddf9d8a8fea2c613a58c639a07f"", element=""f.345ADFD742E99E19AAD14108374C492C.d.8EB37DA501366992A15B99D29FE05AA9.e.1159"")>",https://m.media-amazon.com/images/I/71fY4iNuJQL._AC_UL320_.jpg,
"<selenium.webdriver.remote.webelement.WebElement (session=""a3513ddf9d8a8fea2c613a58c639a07f"", element=""f.345ADFD742E99E19AAD14108374C492C.d.8EB37DA501366992A15B99D29FE05AA9.e.1161"")>",https://m.media-amazon.com/images/I/61gyBgshTIL._AC_UL320_.jpg,
"<selenium.webdriver.remote.webelement.WebElement (session=""a3513ddf9d8a8fea2c613a58c639a07f"", element=""f.345ADFD742E99E19AAD14108374C492C.d.8EB37DA501366992A15B99D29FE05AA9.e.1163"")>",https://m.media-amazon.com/images/I/61hAIigP3TL._AC_UL320_.jpg,
"<selenium.webdriver.remote.webelement.WebElement (session=""a3513ddf9d8a8fea2c613a58c639a07f"", element=""f.345ADFD742E99E19AAD14108374C492C.d.8EB37DA501366992A15B99D29FE05AA9.e.1165"")>",https://m.media-amazon.com/images/I/61TK5nUCpNL._AC_UL320_.jpg,
"<selenium.webdriver.remote.webelement.WebElement (session=""a3513ddf9d8a8fea2c613a58c639a07f"", element=""f.345ADFD742E99E19AAD14108374C492C.d.8EB37DA501366992A15B99D29FE05AA9.e.1167"")>",https://m.media-amazon.com/images/I/71kP5bDpS6L._AC_UL320_.jpg,
"<selenium.webdriver.remote.webelement.WebElement (session=""a3513ddf9d8a8fea2c613a58c639a07f"", element=""f.345ADFD742E99E19AAD14108374C492C.d.8EB37DA501366992A15B99D29FE05AA9.e.1169"")>",https://m.media-amazon.com/images/I/71lBASCZ3EL._AC_UL320_.jpg,
"<selenium.webdriver.remote.webelement.WebElement (session=""a3513ddf9d8a8fea2c613a58c639a07f"", element=""f.345ADFD742E99E19AAD14108374C492C.d.8EB37DA501366992A15B99D29FE05AA9.e.1171"")>",https://m.media-amazon.com/images/I/611U2S5m7wL._AC_UL320_.jpg,
"<selenium.webdriver.remote.webelement.WebElement (session=""a3513ddf9d8a8fea2c613a58c639a07f"", element=""f.345ADFD742E99E19AAD14108374C492C.d.8EB37DA501366992A15B99D29FE05AA9.e.1173"")>",https://m.media-amazon.com/images/I/71NZuTjNqCL._AC_UL320_.jpg,
"<selenium.webdriver.remote.webelement.WebElement (session=""a3513ddf9d8a8fea2c613a58c639a07f"", element=""f.345ADFD742E99E19AAD14108374C492C.d.8EB37DA501366992A15B99D29FE05AA9.e.1175"")>",https://m.media-amazon.com/images/I/61jvx4fSyCL._AC_UL320_.jpg,
"<selenium.webdriver.remote.webelement.WebElement (session=""a3513ddf9d8a8fea2c613a58c639a07f"", element=""f.345ADFD742E99E19AAD14108374C492C.d.8EB37DA501366992A15B99D29FE05AA9.e.1177"")>",https://m.media-amazon.com/images/I/71Ppq96W0CL._AC_UL320_.jpg,
"<selenium.webdriver.remote.webelement.WebElement (session=""a3513ddf9d8a8fea2c613a58c639a07f"", element=""f.345ADFD742E99E19AAD14108374C492C.d.8EB37DA501366992A15B99D29FE05AA9.e.1179"")>",https://m.media-amazon.com/images/I/51ex08qqE9L._AC_UL320_.jpg,
"<selenium.webdriver.remote.webelement.WebElement (session=""a3513ddf9d8a8fea2c613a58c639a07f"", element=""f.345ADFD742E99E19AAD14108374C492C.d.8EB37DA501366992A15B99D29FE05AA9.e.1181"")>",https://m.media-amazon.com/images/I/61frbhrSPPL._AC_UL320_.jpg,
"<selenium.webdriver.remote.webelement.WebElement (session=""a3513ddf9d8a8fea2c613a58c639a07f"", element=""f.345ADFD742E99E19AAD14108374C492C.d.8EB37DA501366992A15B99D29FE05AA9.e.1183"")>",https://m.media-amazon.com/images/I/71hxmh2jceL._AC_UL320_.jpg,
"<selenium.webdriver.remote.webelement.WebElement (session=""a3513ddf9d8a8fea2c613a58c639a07f"", element=""f.345ADFD742E99E19AAD14108374C492C.d.8EB37DA501366992A15B99D29FE05AA9.e.1185"")>",https://m.media-amazon.com/images/I/81acmzia3+L._AC_UL320_.jpg,
"<selenium.webdriver.remote.webelement.WebElement (session=""a3513ddf9d8a8fea2c613a58c639a07f"", element=""f.345ADFD742E99E19AAD14108374C492C.d.8EB37DA501366992A15B99D29FE05AA9.e.1187"")>",https://m.media-amazon.com/images/I/71VwPsR9YXL._AC_UL320_.jpg,
"<selenium.webdriver.remote.webelement.WebElement (session=""a3513ddf9d8a8fea2c613a58c639a07f"", element=""f.345ADFD742E99E19AAD14108374C492C.d.8EB37DA501366992A15B99D29FE05AA9.e.1189"")>",https://m.media-amazon.com/images/I/719RiDAGXtL._AC_UL320_.jpg,
"<selenium.webdriver.remote.webelement.WebElement (session=""a3513ddf9d8a8fea2c613a58c639a07f"", element=""f.345ADFD742E99E19AAD14108374C492C.d.8EB37DA501366992A15B99D29FE05AA9.e.1191"")>",https://m.media-amazon.com/images/I/61Fc5L75X6L._AC_UL320_.jpg,
"<selenium.webdriver.remote.webelement.WebElement (session=""a3513ddf9d8a8fea2c613a58c639a07f"", element=""f.345ADFD742E99E19AAD14108374C492C.d.8EB37DA501366992A15B99D29FE05AA9.e.1193"")>",https://m.media-amazon.com/images/I/61gnwDgVZbL._AC_UL320_.jpg,
"<selenium.webdriver.remote.webelement.WebElement (session=""a3513ddf9d8a8fea2c613a58c639a07f"", element=""f.345ADFD742E99E19AAD14108374C492C.d.8EB37DA501366992A15B99D29FE05AA9.e.1195"")>",https://m.media-amazon.com/images/I/81sebBRoZDL._AC_UL320_.jpg,
"<selenium.webdriver.remote.webelement.WebElement (session=""a3513ddf9d8a8fea2c613a58c639a07f"", element=""f.345ADFD742E99E19AAD14108374C492C.d.8EB37DA501366992A15B99D29FE05AA9.e.1197"")>",https://m.media-amazon.com/images/I/51n+LlPzOuL._AC_UL320_.jpg,
"<selenium.webdriver.remote.webelement.WebElement (session=""a3513ddf9d8a8fea2c613a58c639a07f"", element=""f.345ADFD742E99E19AAD14108374C492C.d.8EB37DA501366992A15B99D29FE05AA9.e.1199"")>",https://m.media-amazon.com/images/I/51F0W5mLNjL._AC_UL320_.jpg,
"<selenium.webdriver.remote.webelement.WebElement (session=""a3513ddf9d8a8fea2c613a58c639a07f"", element=""f.345ADFD742E99E19AAD14108374C492C.d.8EB37DA501366992A15B99D29FE05AA9.e.1201"")>",https://m.media-amazon.com/images/I/71YquQPHVTL._AC_UL320_.jpg,
"<selenium.webdriver.remote.webelement.WebElement (session=""a3513ddf9d8a8fea2c613a58c639a07f"", element=""f.345ADFD742E99E19AAD14108374C492C.d.8EB37DA501366992A15B99D29FE05AA9.e.1203"")>",https://m.media-amazon.com/images/I/61bh24dXIUL._AC_UL320_.jpg,
"<selenium.webdriver.remote.webelement.WebElement (session=""a3513ddf9d8a8fea2c613a58c639a07f"", element=""f.345ADFD742E99E19AAD14108374C492C.d.8EB37DA501366992A15B99D29FE05AA9.e.1205"")>",https://m.media-amazon.com/images/I/81t7ea7s46L._AC_UL320_.jpg,
"<selenium.webdriver.remote.webelement.WebElement (session=""a3513ddf9d8a8fea2c613a58c639a07f"", element=""f.345ADFD742E99E19AAD14108374C492C.d.8EB37DA501366992A15B99D29FE05AA9.e.1207"")>",https://m.media-amazon.com/images/I/61M90it5LHL._AC_UL320_.jpg,
"<selenium.webdriver.remote.webelement.WebElement (session=""a3513ddf9d8a8fea2c613a58c639a07f"", element=""f.345ADFD742E99E19AAD14108374C492C.d.8EB37DA501366992A15B99D29FE05AA9.e.1209"")>",https://m.media-amazon.com/images/I/71WrvAPJN8L._AC_UL320_.jpg,
"<selenium.webdriver.remote.webelement.WebElement (session=""a3513ddf9d8a8fea2c613a58c639a07f"", element=""f.345ADFD742E99E19AAD14108374C492C.d.8EB37DA501366992A15B99D29FE05AA9.e.1211"")>",https://m.media-amazon.com/images/I/71-4brpAqrL._AC_UL320_.jpg,
"<selenium.webdriver.remote.webelement.WebElement (session=""a3513ddf9d8a8fea2c613a58c639a07f"", element=""f.345ADFD742E99E19AAD14108374C492C.d.8EB37DA501366992A15B99D29FE05AA9.e.1213"")>",https://m.media-amazon.com/images/I/71pujn1nAVL._AC_UL320_.jpg,
"<selenium.webdriver.remote.webelement.WebElement (session=""a3513ddf9d8a8fea2c613a58c639a07f"", element=""f.345ADFD742E99E19AAD14108374C492C.d.8EB37DA501366992A15B99D29FE05AA9.e.1215"")>",https://m.media-amazon.com/images/I/71fB0uPgnIL._AC_UL320_.jpg,
"<selenium.webdriver.remote.webelement.WebElement (session=""a3513ddf9d8a8fea2c613a58c639a07f"", element=""f.345ADFD742E99E19AAD14108374C492C.d.8EB37DA501366992A15B99D29FE05AA9.e.1217"")>",https://m.media-amazon.com/images/I/51ILnuBVwiL._AC_UL320_.jpg,
"<selenium.webdriver.remote.webelement.WebElement (session=""a3513ddf9d8a8fea2c613a58c639a07f"", element=""f.345ADFD742E99E19AAD14108374C492C.d.8EB37DA501366992A15B99D29FE05AA9.e.1219"")>",https://m.media-amazon.com/images/I/71Ar4cKZKYL._AC_UL320_.jpg,
"<selenium.webdriver.remote.webelement.WebElement (session=""a3513ddf9d8a8fea2c613a58c639a07f"", element=""f.345ADFD742E99E19AAD14108374C492C.d.8EB37DA501366992A15B99D29FE05AA9.e.1221"")>",https://m.media-amazon.com/images/I/71TtTKwu0PL._AC_UL320_.jpg,
"<selenium.webdriver.remote.webelement.WebElement (session=""a3513ddf9d8a8fea2c613a58c639a07f"", element=""f.345ADFD742E99E19AAD14108374C492C.d.8EB37DA501366992A15B99D29FE05AA9.e.1223"")>",https://m.media-amazon.com/images/I/51WrGMBhjBL._AC_UL320_.jpg,
"<selenium.webdriver.remote.webelement.WebElement (session=""a3513ddf9d8a8fea2c613a58c639a07f"", element=""f.345ADFD742E99E19AAD14108374C492C.d.8EB37DA501366992A15B99D29FE05AA9.e.1225"")>",https://m.media-amazon.com/images/I/51ykbSj-eoL._AC_UL320_.jpg,
"<selenium.webdriver.remote.webelement.WebElement (session=""a3513ddf9d8a8fea2c613a58c639a07f"", element=""f.345ADFD742E99E19AAD14108374C492C.d.8EB37DA501366992A15B99D29FE05AA9.e.1227"")>",https://m.media-amazon.com/images/I/511B0fTOENL._AC_UL320_.jpg,
"<selenium.webdriver.remote.webelement.WebElement (session=""a3513ddf9d8a8fea2c613a58c639a07f"", element=""f.345ADFD742E99E19AAD14108374C492C.d.8EB37DA501366992A15B99D29FE05AA9.e.1229"")>",https://m.media-amazon.com/images/I/61LXKWOKeQL._AC_UL320_.jpg,
