claim_id,claim_date,amount_claimed,status,policy_id,approved_by
1,06-12-2020,164715,Pending,537,Zaina Mand
2,02-09-2020,138229,Rejected,158,Jivin Chanda
3,17-01-2023,124543,Approved,420,Priyansh Kumer
4,09-06-2022,129976,Pending,99,Eshani Sabharwal
5,20-02-2023,107024,Pending,45,Sahil Hans
6,01-03-2021,167863,Pending,183,Yuvaan Chopra
7,27-08-2022,175331,Pending,110,Nirvi Grover
8,23-07-2021,99647,Pending,33,Dhruv Sahni
9,14-11-2022,116347,Approved,674,Mohanlal Chaudhry
10,16-06-2020,100532,Rejected,719,Shray Kale
11,08-10-2020,120109,Pending,376,Ahana  Yadav
12,04-11-2019,48041,Rejected,73,Aradhya Kulkarni
13,07-04-2022,7552,Pending,672,Kanav Dixit
14,30-05-2022,100824,Pending,480,Kashvi Subramaniam
15,06-06-2021,161199,Pending,370,Jayan Shere
16,18-04-2021,113814,Approved,842,Trisha Rao
17,27-09-2020,76968,Rejected,60,Tarini Gupta
18,13-06-2020,165610,Approved,542,Ivana Buch
19,01-04-2021,12927,Pending,855,Elakshi Mahajan
20,14-09-2022,64261,Pending,984,Nitara Chaudhari
21,28-10-2020,106300,Pending,743,Myra Sastry
22,22-06-2022,50049,Approved,195,Romil Amble
23,16-04-2024,42658,Rejected,255,Ryan Kapoor
24,17-02-2022,116155,Pending,572,Alisha Chatterjee
25,09-11-2023,151093,Approved,765,Kashvi Ratti
26,17-05-2023,25575,Rejected,591,Shanaya Kohli
27,03-10-2022,74803,Approved,720,Shlok Kanda
28,06-12-2023,134722,Pending,171,Veer Bhatia
29,11-02-2024,159530,Rejected,412,Seher Dhillon
30,13-01-2022,103415,Rejected,162,Shalv Bhatia
31,15-07-2020,109111,Rejected,454,Kimaya Dugar
32,07-01-2022,187036,Approved,564,Saksham Barad
33,11-10-2024,198335,Approved,866,Riaan Ben
34,10-12-2022,77485,Rejected,441,Drishya Kalita
35,26-10-2021,166100,Approved,624,Ira Dass
36,08-11-2019,51941,Rejected,220,Aaryahi Uppal
37,17-07-2020,78137,Rejected,949,Badal Walla
38,15-01-2023,150193,Approved,985,Mahika Bhargava
39,23-05-2022,93219,Approved,1,Shaan Cherian
40,21-11-2021,146631,Approved,611,Prisha Ghosh
41,29-04-2021,8179,Pending,912,Divit Tank
42,10-11-2022,63859,Approved,228,Manjari Batta
43,24-02-2022,46890,Approved,23,Pari Bhagat
44,12-01-2023,155447,Rejected,843,Dhanuk Gill
45,01-11-2023,58812,Rejected,524,Kanav Khanna
46,03-06-2023,113483,Rejected,159,Aarush Sengupta
47,22-07-2020,23386,Approved,365,Priyansh Banik
48,25-12-2023,35441,Approved,376,Abram Ranganathan
49,07-11-2019,178477,Pending,239,Faiyaz Mangat
50,27-12-2022,54968,Approved,95,Nayantara Behl
51,07-05-2022,116245,Rejected,940,Ehsaan Dugal
52,04-10-2024,47400,Pending,741,Divyansh Dey
53,03-10-2024,68315,Approved,178,Shaan Lata
54,31-05-2021,100214,Rejected,720,Lakshit Handa
55,21-06-2024,117365,Pending,610,Anahita Chahal
56,26-02-2023,130240,Pending,749,Samaira Barad
57,15-03-2024,162627,Approved,81,Hazel Dave
58,08-11-2021,157124,Approved,357,Vaibhav Thaker
59,27-05-2024,176560,Approved,427,Eva Boase
60,15-10-2023,186398,Pending,891,Kiaan Sachdev
61,01-01-2020,155226,Rejected,669,Amani Anand
62,15-06-2022,170648,Pending,650,Raghav Dass
63,12-09-2022,156597,Approved,56,Miraan Apte
64,11-11-2019,64433,Pending,327,Oorja Agarwal
65,11-01-2022,110286,Pending,335,Riya Sengupta
66,10-11-2020,102968,Pending,157,Diya Barman
67,02-03-2024,14851,Rejected,403,Mehul Cherian
68,01-04-2020,194353,Rejected,590,Jayesh Koshy
69,06-01-2023,103422,Pending,443,Riya Boase
70,09-09-2023,61508,Approved,152,Ivan Chauhan
71,09-01-2024,30777,Pending,488,Aaryahi Ramesh
72,23-07-2022,116431,Pending,562,Prerak Thakur
73,26-07-2021,82842,Pending,409,Nehmat Hans
74,08-03-2020,102856,Rejected,134,Keya Bajwa
75,06-01-2022,153596,Approved,573,Mehul Gokhale
76,06-08-2021,43631,Approved,668,Hridaan Butala
77,12-05-2023,116409,Rejected,631,Pranay Raja
78,22-07-2021,199430,Rejected,253,Yashvi Tandon
79,23-09-2022,52251,Approved,796,Jivika Kaur
80,01-06-2021,88863,Rejected,947,Tushar Bava
81,17-06-2021,117324,Pending,688,Zoya Rana
82,19-10-2024,85649,Approved,357,Ritvik Bora
83,20-05-2023,42146,Approved,609,Myra Gupta
84,30-04-2020,132805,Approved,174,Manjari Mand
85,14-09-2023,197592,Rejected,842,Anahita Datta
86,24-11-2019,198081,Approved,639,Dhruv Dayal
87,11-11-2021,33435,Pending,947,Vidur Dhillon
88,30-07-2020,164544,Pending,702,Mahika Rana
89,23-07-2020,77895,Rejected,874,Adira Goswami
90,17-05-2023,21734,Rejected,56,Saanvi Bakshi
91,17-02-2021,52394,Rejected,949,Reyansh Wali
92,11-04-2021,33797,Approved,15,Arnav Bail
93,25-04-2023,71938,Pending,313,Hrishita Shetty
94,11-09-2024,92762,Pending,340,Ivan Chandra
95,25-03-2024,45757,Rejected,217,Lagan Gole
96,26-09-2023,44741,Rejected,769,Heer Roy
97,08-07-2022,55438,Approved,638,Tushar Vora
98,01-08-2024,147335,Pending,712,Indrans Gaba
99,06-05-2020,141257,Pending,386,Ranbir Vig
100,09-12-2023,118686,Rejected,540,Jayesh Raju
101,08-02-2022,13479,Pending,62,Amira Goel
102,11-03-2023,60383,Rejected,633,Saksham Behl
103,08-03-2021,57900,Approved,671,Adira Chaudhuri
104,12-05-2024,189309,Pending,398,Aaryahi Korpal
105,10-04-2023,133773,Rejected,873,Shray Som
106,31-08-2023,183009,Approved,886,Lakshay Baria
107,31-10-2019,26039,Approved,889,Ivan Bhatt
108,29-05-2020,177263,Approved,237,Mamooty Rout
109,10-03-2024,196060,Rejected,727,Taimur Srivastava
110,04-08-2021,24423,Approved,497,Jayesh Bansal
111,14-05-2022,174021,Rejected,91,Sara Kumer
112,17-08-2021,41351,Rejected,990,Reyansh Sandhu
113,16-08-2022,94307,Rejected,23,Reyansh Manda
114,10-02-2024,12752,Rejected,313,Miraya Kala
115,24-03-2024,70046,Approved,763,Jhanvi Saraf
116,19-11-2020,35616,Approved,701,Indrajit Grewal
117,28-03-2022,73623,Rejected,310,Armaan Ratta
118,09-06-2021,51060,Rejected,283,Prisha Dash
119,10-09-2022,163319,Rejected,264,Chirag Goda
120,04-05-2020,176342,Pending,967,Kiaan Sangha
121,29-03-2022,113213,Approved,231,Aaina Varghese
122,26-12-2019,34583,Approved,673,Hazel Sengupta
123,07-09-2024,31766,Rejected,392,Siya Datta
124,20-10-2023,106540,Rejected,628,Taimur Khanna
125,13-07-2022,175177,Rejected,233,Ehsaan Anand
126,10-06-2024,86380,Rejected,157,Nitya Barad
127,18-02-2020,88161,Approved,932,Akarsh Bumb
128,30-04-2021,123047,Approved,556,Saanvi Boase
129,02-08-2021,30696,Rejected,142,Tejas Bera
130,28-04-2021,118301,Rejected,820,Zeeshan Raju
131,27-02-2024,44451,Pending,317,Himmat Chandran
132,08-02-2021,139264,Rejected,932,Pranay Bawa
133,11-01-2022,31374,Pending,672,Ivan Jayaraman
134,06-10-2021,186941,Pending,326,Zain Sharaf
135,20-11-2020,18224,Rejected,972,Ritvik Deo
136,09-07-2022,145291,Pending,326,Anika Bera
137,30-08-2022,168707,Pending,745,Priyansh Dyal
138,11-11-2020,10749,Approved,902,Ayesha Magar
139,20-07-2023,194715,Approved,311,Ira Krishna
140,29-01-2020,91386,Rejected,956,Parinaaz Bhatia
141,21-10-2022,148976,Pending,798,Lakshay Chakraborty
142,26-05-2023,41647,Pending,190,Kabir Chaudhari
143,16-04-2021,10109,Rejected,632,Kanav Ganguly
144,28-10-2022,57038,Rejected,628,Zeeshan Ramaswamy
145,24-02-2020,50028,Pending,237,Kartik Sekhon
146,04-02-2023,139039,Approved,82,Dhruv Badal
147,15-09-2022,139188,Approved,138,Dharmajan Mander
148,03-09-2023,102953,Rejected,481,Jayesh Chaudhry
149,19-06-2024,143844,Approved,189,Sumer Din
150,13-09-2022,171165,Approved,486,Hiran Karan
151,23-07-2024,31815,Pending,232,Adira Reddy
152,06-03-2021,11285,Pending,948,Aarush Wable
153,08-05-2021,57622,Approved,228,Shalv Kala
154,21-03-2022,149762,Pending,776,Parinaaz Manne
155,13-10-2021,44890,Pending,950,Misha Ramesh
156,06-05-2024,191166,Approved,888,Diya Raman
157,20-06-2020,125327,Rejected,333,Abram Khosla
158,27-07-2024,174021,Pending,438,Bhamini Mane
159,19-02-2023,83949,Pending,623,Nitya Lala
160,21-09-2020,148390,Approved,738,Mishti Mander
161,10-04-2022,66015,Rejected,962,Purab Hayer
162,20-10-2020,149781,Rejected,550,Miraan Sahni
163,06-07-2020,107420,Rejected,806,Armaan Bobal
164,06-04-2022,12510,Pending,463,Taran Ganguly
165,06-10-2020,94096,Pending,899,Shaan Lad
166,05-03-2023,199188,Rejected,551,Alisha Cheema
167,21-08-2022,82144,Rejected,41,Krish Butala
168,31-10-2023,113752,Rejected,784,Hansh Krishnan
169,22-03-2023,127976,Pending,195,Adira Krishna
170,26-06-2023,61780,Approved,906,Hrishita Thaman
171,01-02-2022,64388,Approved,473,Darshit Basu
172,29-01-2023,37465,Approved,628,Darshit Balan
173,01-04-2023,184211,Rejected,530,Tanya Basak
174,24-05-2022,181217,Approved,850,Anahi Chauhan
175,24-03-2023,130990,Pending,740,Piya Subramanian
176,09-04-2022,102628,Pending,798,Dhanush Andra
177,11-09-2022,119162,Rejected,560,Advika Kota
178,14-05-2020,31385,Approved,332,Lagan Sangha
179,08-04-2020,92923,Pending,465,Anahi Gandhi
180,05-09-2024,120112,Rejected,918,Arnav Mallick
181,11-06-2024,44377,Approved,93,Ira Handa
182,23-08-2023,53766,Rejected,665,Shalv Vig
183,27-03-2024,181897,Pending,736,Lagan Datta
184,04-03-2021,147986,Pending,117,Divyansh Deep
185,17-08-2024,142714,Rejected,372,Tiya Ganesan
186,23-03-2021,21635,Rejected,394,Jayan Gera
187,19-06-2024,146740,Rejected,627,Azad Kala
188,25-12-2020,190202,Approved,564,Tanya Ratta
189,28-02-2024,79218,Pending,935,Ishita Bains
190,13-02-2022,70363,Rejected,884,Neysa Mani
191,10-10-2024,34268,Pending,184,Samar Bhatia
192,16-05-2022,154986,Pending,430,Riaan Agarwal
193,07-11-2022,65072,Rejected,788,Ivana Ghosh
194,04-12-2019,192388,Approved,642,Renee Dara
195,25-01-2022,40236,Pending,984,Mohanlal Deshpande
196,05-03-2021,44556,Rejected,784,Madhup Srinivasan
197,01-05-2023,54357,Approved,510,Devansh Walia
198,10-05-2021,171805,Rejected,827,Zaina Jha
199,20-05-2022,6121,Approved,244,Himmat Dutta
200,27-01-2022,47290,Rejected,488,Rati Mani
201,26-04-2021,93479,Approved,82,Shlok Cherian
202,10-03-2023,122237,Pending,251,Riaan Bhatnagar
203,16-12-2021,177023,Approved,635,Heer Barman
204,30-08-2023,127584,Pending,51,Rhea Rau
205,25-02-2022,41044,Pending,669,Tushar Samra
206,27-10-2021,73059,Pending,875,Eva Sachdev
207,03-09-2022,11324,Rejected,859,Alisha Sundaram
208,25-06-2023,122641,Approved,943,Advik Mane
209,20-08-2020,22102,Pending,427,Ivan Bose
210,30-05-2022,198778,Pending,689,Vidur Bhat
211,04-01-2022,60454,Rejected,709,Vanya Sinha
212,15-05-2024,141470,Rejected,807,Lavanya Suri
213,15-12-2023,114625,Approved,768,Ishaan Agrawal
214,14-10-2023,117898,Pending,96,Mahika Kalla
215,25-11-2021,154860,Approved,378,Divyansh Thakur
216,05-07-2022,180018,Pending,777,Dhanuk Keer
217,16-09-2022,88328,Rejected,67,Miraan Bhargava
218,18-07-2023,62102,Pending,125,Himmat Sampath
219,13-10-2022,140451,Approved,338,Nakul Krish
220,01-11-2023,107775,Rejected,215,Hazel Hayer
221,28-03-2020,140687,Rejected,60,Neelofar Dalal
222,13-10-2023,26314,Rejected,645,Shray Maharaj
223,21-09-2023,108145,Pending,496,Tiya Gour
224,28-06-2021,146194,Rejected,957,Dhruv Koshy
225,23-12-2020,158696,Rejected,295,Piya Bhandari
226,21-07-2022,88275,Approved,266,Nakul Comar
227,06-01-2020,107451,Rejected,363,Krish Vig
228,22-05-2021,185786,Rejected,577,Vaibhav Mani
229,04-05-2023,101797,Rejected,648,Ahana  Singh
230,10-12-2021,102060,Pending,905,Kanav Zachariah
231,22-10-2021,123834,Rejected,298,Divyansh Gokhale
232,31-07-2020,195955,Pending,122,Damini Comar
233,11-04-2022,9677,Rejected,816,Indranil Bobal
234,23-04-2023,27996,Pending,819,Kiaan Bassi
235,07-12-2022,124985,Approved,424,Lakshit Andra
236,20-01-2020,13871,Approved,574,Nayantara Sachdeva
237,13-06-2022,162178,Pending,12,Nishith Barad
238,30-10-2022,129921,Rejected,289,Navya Garg
239,20-06-2021,54611,Pending,316,Adah Kothari
240,20-07-2020,63555,Rejected,332,Yakshit Dua
241,13-05-2023,154571,Pending,703,Shalv Barman
242,14-05-2022,69990,Approved,742,Jayan Chanda
243,08-03-2024,115940,Pending,853,Lakshit Boase
244,27-07-2022,39248,Approved,854,Sahil Kumer
245,14-07-2022,70898,Rejected,491,Saanvi Rajan
246,09-08-2023,183652,Pending,662,Riya Datta
247,05-04-2023,31472,Pending,643,Advika Kari
248,26-06-2022,94821,Rejected,918,Nayantara Choudhry
249,01-10-2022,70346,Approved,951,Fateh Sami
250,09-01-2024,149804,Rejected,307,Pihu Hari
251,22-04-2022,115164,Rejected,324,Adah Dhawan
252,21-07-2020,113260,Pending,214,Kiaan Saraf
253,14-06-2020,117593,Approved,819,Ranbir Bahri
254,15-02-2021,183656,Approved,68,Pranay Karpe
255,30-01-2024,194075,Approved,861,Aayush Wagle
256,27-08-2023,11079,Approved,642,Abram Bera
257,16-03-2023,109183,Pending,585,Hridaan Kothari
258,25-12-2019,123109,Pending,610,Nehmat Desai
259,29-08-2024,27785,Approved,723,Ojas Behl
260,11-12-2019,172275,Rejected,33,Gokul Gupta
261,07-03-2023,57942,Pending,509,Zain Dixit
262,23-03-2021,176025,Approved,463,Indrans Sethi
263,07-06-2020,166744,Approved,222,Yuvaan De
264,20-06-2022,107395,Pending,115,Krish Hari
265,10-12-2023,77972,Pending,797,Diya Sabharwal
266,23-11-2023,44409,Pending,455,Anvi Sahni
267,28-05-2022,103669,Approved,927,Anvi Rau
268,20-05-2021,102511,Pending,349,Kimaya Kurian
269,11-04-2023,185109,Rejected,895,Aarush Walla
270,23-07-2020,107107,Approved,147,Lagan Choudhary
271,05-12-2020,155049,Pending,842,Mannat Soman
272,28-07-2024,196543,Rejected,693,Zoya Batta
273,25-08-2023,198580,Pending,742,Jayan Rege
274,08-05-2023,12128,Approved,731,Fateh Ramachandran
275,15-08-2024,173638,Pending,5,Devansh Divan
276,18-03-2022,65641,Pending,704,Hrishita Goda
277,26-10-2020,170384,Pending,342,Sara Karpe
278,26-10-2022,96041,Pending,106,Gatik Johal
279,27-02-2020,106513,Rejected,764,Inaaya  Dhaliwal
280,05-10-2024,65934,Rejected,777,Prisha Borde
281,11-03-2023,65868,Pending,329,Aaina Kurian
282,14-05-2021,44108,Approved,284,Damini Karnik
283,14-08-2024,108794,Approved,688,Rhea Jaggi
284,30-05-2020,27942,Pending,162,Vanya Basak
285,23-11-2019,58359,Pending,982,Vaibhav Banerjee
286,09-12-2022,126474,Rejected,105,Miraya Wable
287,02-06-2021,45283,Approved,563,Sana Ganguly
288,24-08-2023,67105,Pending,966,Ira Krishnan
289,26-08-2022,142349,Approved,588,Aarna Mane
290,06-12-2019,52741,Pending,319,Bhavin Talwar
291,11-09-2021,124586,Approved,554,Sara Shere
292,28-11-2023,91511,Pending,30,Dhanush Chanda
293,22-03-2020,96793,Rejected,52,Anaya Cherian
294,05-01-2020,25656,Pending,89,Mehul Vohra
295,17-04-2024,88161,Pending,722,Navya Mangat
296,13-08-2022,121244,Rejected,645,Rania Sankar
297,26-12-2020,168054,Rejected,457,Armaan Kata
298,05-02-2021,125181,Approved,341,Kiaan Bajaj
299,17-07-2021,164401,Rejected,777,Umang Shah
300,05-07-2024,135820,Rejected,81,Madhup Choudhury
301,14-09-2024,194868,Approved,582,Darshit Bera
302,27-10-2020,30700,Rejected,480,Mishti Singhal
303,03-10-2024,23966,Approved,701,Tarini Shanker
304,18-10-2023,130662,Approved,482,Hrishita Tata
305,12-09-2023,50180,Pending,148,Advika Majumdar
306,13-10-2023,172914,Rejected,265,Advika Loke
307,17-02-2021,183008,Approved,188,Vihaan Aggarwal
308,29-06-2024,141425,Rejected,339,Jivin Bhattacharyya
309,23-01-2023,158812,Approved,465,Shalv Ben
310,24-05-2022,100064,Pending,487,Piya De
311,18-02-2024,27013,Approved,473,Shayak Karpe
312,08-02-2022,169924,Approved,787,Anay Yadav
313,25-03-2023,72980,Rejected,131,Akarsh Halder
314,16-04-2024,104050,Approved,838,Sahil Sandhu
315,16-07-2024,144283,Pending,334,Zoya Mandal
316,07-11-2020,113449,Pending,812,Hridaan Bakshi
317,11-04-2021,63913,Approved,411,Chirag Chawla
318,21-11-2019,120155,Pending,636,Ela Deshpande
319,28-10-2021,52520,Pending,998,Keya Bhasin
320,07-04-2022,99063,Pending,349,Kavya Sastry
321,23-06-2024,45606,Rejected,606,Tanya Barad
322,12-07-2023,89074,Approved,581,Nishith Warrior
323,17-06-2021,158529,Rejected,711,Mishti Ganguly
324,25-10-2019,51050,Rejected,686,Suhana Dey
325,30-08-2024,20189,Rejected,588,Baiju Vig
326,16-03-2022,168166,Pending,607,Nakul Vaidya
327,03-04-2021,121235,Approved,569,Divit Tella
328,20-03-2021,24043,Approved,181,Hridaan Sastry
329,23-03-2024,65067,Approved,72,Nehmat Deo
330,01-10-2020,121661,Rejected,834,Dhruv Sandal
331,06-01-2023,121299,Approved,336,Piya Jayaraman
332,28-04-2021,101388,Rejected,63,Bhavin Lad
333,11-04-2024,22654,Pending,909,Farhan Walla
334,11-06-2023,118250,Rejected,830,Hansh Dara
335,08-02-2024,5036,Pending,677,Kiaan Konda
336,03-12-2019,34097,Rejected,299,Anya Sawhney
337,22-04-2022,81047,Rejected,458,Armaan Dara
338,07-11-2023,43155,Rejected,899,Indranil Chahal
339,30-04-2023,66737,Rejected,814,Kismat Desai
340,03-11-2020,183075,Approved,941,Gokul Gole
341,06-05-2024,188950,Approved,736,Eshani Gill
342,06-07-2020,196603,Approved,92,Mehul Dugar
343,30-12-2023,118632,Rejected,523,Yasmin Bhargava
344,21-04-2023,83819,Pending,873,Vedika Soni
345,02-03-2022,62366,Approved,923,Zain Tata
346,22-01-2024,112033,Pending,1,Zara Khatri
347,15-09-2020,142154,Approved,113,Jayan Sani
348,20-04-2020,172943,Pending,241,Urvi Balan
349,25-04-2021,89185,Rejected,404,Shayak Lad
350,14-09-2022,126917,Rejected,392,Divyansh Majumdar
351,06-12-2022,84176,Approved,559,Fateh Thaker
352,03-04-2020,46187,Pending,487,Reyansh Handa
353,10-03-2020,32118,Rejected,394,Kanav Sinha
354,15-12-2022,169449,Approved,861,Shayak Ravel
355,08-03-2023,86361,Approved,894,Diya Rajagopalan
356,05-12-2019,135663,Pending,12,Vardaniya Deshmukh
357,18-03-2020,18990,Pending,148,Hiran Saraf
358,11-11-2021,145661,Approved,674,Aaryahi Comar
359,30-06-2020,90163,Pending,87,Bhamini Taneja
360,21-01-2023,31758,Approved,881,Badal Bora
361,28-08-2023,93926,Rejected,619,Vivaan Mand
362,05-10-2024,186411,Rejected,185,Anahi Lalla
363,09-07-2024,93607,Approved,566,Anahita Kunda
364,18-09-2023,164914,Approved,364,Inaaya  Barad
365,29-06-2021,49019,Approved,620,Ryan Krish
366,30-07-2023,6449,Approved,868,Stuvan Basu
367,29-11-2019,147528,Rejected,514,Anika Dada
368,26-10-2019,57504,Rejected,591,Kabir Kuruvilla
369,15-03-2021,76559,Pending,582,Madhav Bhandari
370,21-06-2020,99237,Approved,116,Diya Chadha
371,13-06-2022,118152,Rejected,82,Seher Dora
372,17-10-2021,32707,Rejected,540,Raghav Sidhu
373,26-04-2022,196798,Approved,477,Vaibhav Mander
374,02-10-2023,105805,Rejected,912,Hunar Sunder
375,03-08-2022,123964,Pending,484,Madhup Doctor
376,24-09-2024,127979,Rejected,984,Tara Anne
377,31-07-2020,135400,Rejected,649,Aaina Lall
378,22-09-2021,110143,Rejected,320,Raghav Gole
379,12-11-2019,124543,Approved,548,Pranay Ben
380,25-11-2022,156813,Approved,465,Nitya Bassi
381,27-06-2021,104969,Approved,588,Lakshit Arya
382,29-07-2023,148094,Approved,362,Vidur Banik
383,10-11-2023,192313,Approved,297,Vidur Sarna
384,15-09-2020,37664,Rejected,946,Piya Sengupta
385,22-03-2023,121539,Approved,745,Zain Dugal
386,19-05-2024,158079,Approved,63,Yashvi Rege
387,25-01-2020,127714,Rejected,174,Gokul Lanka
388,08-06-2022,116708,Rejected,299,Drishya Bera
389,07-05-2024,162735,Rejected,28,Kaira Hegde
390,27-12-2020,60929,Pending,130,Vanya Dey
391,19-12-2021,103591,Approved,259,Bhavin Gade
392,13-12-2022,30845,Approved,282,Hridaan Varghese
393,07-06-2022,172282,Pending,760,Tanya Kashyap
394,04-04-2021,26752,Pending,932,Vritika Choudhry
395,28-08-2024,120395,Pending,675,Kiaan Sachar
396,28-03-2023,92097,Pending,268,Anay Sathe
397,05-10-2024,157593,Pending,497,Yuvraj  Aggarwal
398,13-02-2022,40258,Rejected,883,Faiyaz Khare
399,21-02-2021,11453,Pending,991,Darshit Warrior
400,17-01-2020,33289,Pending,858,Advika Bala
401,14-02-2023,101710,Approved,789,Eshani Guha
402,13-11-2021,79718,Rejected,451,Himmat Bedi
403,10-06-2024,146570,Pending,216,Vedika Mall
404,13-09-2024,117663,Approved,56,Shray Kunda
405,06-12-2021,130241,Pending,54,Zara Suri
406,24-05-2022,37682,Approved,488,Arnav Sood
407,01-12-2022,63767,Rejected,972,Dhruv Thaker
408,25-02-2021,151723,Rejected,240,Samar Hari
409,01-10-2022,79061,Rejected,400,Rania Dewan
410,29-08-2020,97545,Pending,544,Saksham Hora
411,12-02-2023,174704,Pending,296,Amira Batta
412,27-08-2022,185808,Approved,392,Trisha Sule
413,03-10-2020,137306,Rejected,700,Fateh Boase
414,19-02-2020,191395,Pending,940,Advik Ben
415,30-03-2024,108602,Approved,980,Rania Ganguly
416,12-04-2024,169627,Rejected,941,Tarini Gour
417,24-08-2024,132153,Approved,344,Ayesha Raval
418,20-05-2021,57714,Pending,262,Jivin Golla
419,08-09-2022,132597,Approved,473,Shray Karpe
420,21-05-2023,155764,Rejected,248,Stuvan Atwal
421,28-10-2021,148191,Rejected,789,Shray Viswanathan
422,02-03-2024,43011,Approved,694,Heer Bajwa
423,10-03-2024,139604,Pending,321,Chirag Krishnan
424,21-06-2023,111784,Rejected,9,Suhana Ahluwalia
425,14-12-2021,167179,Pending,422,Ranbir Bora
426,04-03-2021,24051,Pending,702,Hrishita Grover
427,24-08-2021,91959,Pending,743,Gatik Sant
428,31-10-2019,60243,Pending,35,Riya Dara
429,31-08-2021,9622,Pending,59,Aayush Mandal
430,02-12-2019,188009,Rejected,916,Aarush Bajwa
431,27-11-2021,167915,Rejected,654,Aaina Gera
432,07-07-2024,28749,Pending,89,Sara Warrior
433,17-08-2024,172006,Pending,385,Emir Walla
434,22-05-2022,132997,Rejected,580,Shayak Kalita
435,20-08-2022,161624,Pending,918,Hunar Tiwari
436,18-10-2022,26615,Pending,260,Ira Konda
437,13-02-2020,62441,Rejected,959,Manjari Gaba
438,12-04-2020,19764,Approved,945,Pihu Kashyap
439,06-08-2024,199073,Approved,709,Purab Hayre
440,11-06-2021,181161,Approved,264,Lavanya Varughese
441,19-05-2020,36583,Pending,284,Ela Singhal
442,11-06-2021,156536,Approved,398,Priyansh Lanka
443,27-05-2024,69868,Pending,265,Vaibhav Bhavsar
444,12-04-2023,191343,Approved,183,Dhanush Jhaveri
445,14-06-2021,90912,Approved,951,Ahana  Sampath
446,04-11-2023,44130,Approved,183,Amani Savant
447,12-09-2023,130869,Pending,148,Kabir Ram
448,20-04-2023,110423,Approved,224,Pari Subramaniam
449,01-05-2021,124723,Pending,935,Misha Bawa
450,04-11-2022,91108,Approved,106,Rhea Madan
451,25-09-2023,11798,Pending,586,Oorja Ravi
452,20-01-2022,146871,Approved,20,Prisha Biswas
453,30-12-2021,179820,Pending,669,Ishaan Sunder
454,02-08-2023,129865,Pending,681,Armaan Golla
455,16-02-2020,81144,Pending,717,Shayak Gara
456,25-02-2020,69317,Approved,589,Adah Bumb
457,22-01-2022,5722,Rejected,963,Hazel Baria
458,04-06-2024,155343,Approved,447,Ahana  Kuruvilla
459,07-12-2022,83763,Rejected,800,Divyansh Chowdhury
460,07-09-2024,163394,Pending,554,Kashvi Chaudhry
461,09-04-2024,49040,Approved,978,Biju Kanda
462,03-03-2022,139406,Approved,125,Rohan Vora
463,26-03-2021,115613,Approved,342,Divyansh Dara
464,26-02-2022,137958,Approved,57,Lakshit Majumdar
465,14-04-2021,128293,Rejected,93,Sahil Anand
466,18-04-2022,76244,Approved,83,Jayesh Dugal
467,04-11-2023,169030,Approved,664,Piya Seth
468,21-06-2021,44608,Rejected,41,Advika Shetty
469,17-05-2021,193665,Rejected,196,Zain Saini
470,09-03-2021,63280,Approved,918,Manikya Dada
471,16-03-2020,25820,Rejected,368,Nakul Dua
472,06-07-2022,99868,Rejected,449,Sahil Issac
473,21-01-2024,148388,Pending,37,Zaina Zacharia
474,02-12-2021,42653,Rejected,608,Chirag Shenoy
475,28-02-2020,51505,Approved,65,Ritvik Rama
476,04-02-2023,159584,Rejected,316,Ehsaan Kohli
477,20-09-2023,102438,Approved,990,Bhavin Srinivas
478,27-10-2023,199188,Pending,348,Kaira Rao
479,13-06-2020,15931,Rejected,44,Vivaan Kapoor
480,15-05-2023,84074,Pending,827,Anahita Andra
481,08-09-2024,132501,Rejected,470,Fateh Batra
482,21-02-2020,188318,Rejected,153,Riya Trivedi
483,15-10-2022,149505,Pending,948,Samiha Bumb
484,06-07-2022,19047,Rejected,145,Rania Issac
485,07-12-2020,100334,Pending,483,Bhavin Seshadri
486,02-02-2020,181900,Rejected,47,Eshani Arya
487,01-10-2022,52323,Rejected,134,Tara Vasa
488,22-09-2022,7801,Rejected,52,Akarsh Arora
489,08-04-2020,181409,Pending,468,Rohan Devan
490,05-06-2020,124189,Rejected,66,Aaryahi Varghese
491,20-01-2023,164471,Pending,117,Arnav Grover
492,15-08-2023,101943,Rejected,226,Charvi Grewal
493,29-06-2023,17306,Pending,437,Zaina Wagle
494,25-05-2021,70782,Rejected,695,Ishaan Bhandari
495,22-08-2023,83392,Pending,1000,Hrishita Mander
496,28-04-2021,138397,Rejected,141,Jivika Sarma
497,27-12-2019,67710,Pending,783,Kartik Karpe
498,19-01-2020,13889,Pending,344,Shanaya Comar
499,14-11-2023,17328,Approved,145,Rati Shanker
500,18-01-2020,152722,Pending,714,Kabir Agate
501,23-08-2021,77136,Pending,450,Sana Dewan
502,21-03-2024,52511,Rejected,42,Urvi Bobal
503,26-09-2021,31007,Rejected,628,Anya Goswami
504,19-05-2023,78346,Pending,17,Anika Ramesh
505,08-02-2022,176527,Pending,7,Vidur Verma
506,10-06-2024,6409,Pending,724,Lagan Thakur
507,21-05-2021,132092,Approved,427,Farhan Singh
508,19-04-2022,140233,Approved,709,Indrans Kadakia
509,30-07-2024,29744,Pending,656,Aradhya Kannan
510,09-11-2022,57835,Approved,422,Myra Dhar
511,10-07-2023,51654,Pending,626,Eva Gara
512,15-07-2023,139876,Rejected,185,Vihaan Tara
513,07-05-2022,144854,Rejected,974,Dhruv Soni
514,01-10-2024,22164,Approved,357,Raghav Biswas
515,14-08-2023,86663,Rejected,242,Prerak Hans
516,19-05-2024,42421,Rejected,98,Neysa Randhawa
517,24-07-2024,125690,Rejected,520,Divij Iyengar
518,29-09-2022,47759,Rejected,676,Jivin Sama
519,27-03-2024,45581,Pending,199,Lakshay Gade
520,20-09-2020,26972,Pending,702,Ira Kaur
521,21-11-2023,169537,Approved,510,Nakul Dayal
522,19-05-2020,39383,Rejected,945,Raunak Mammen
523,15-11-2023,13408,Rejected,373,Advika Doctor
524,03-08-2023,60588,Approved,258,Vanya Chaudhari
525,09-10-2024,70187,Approved,45,Nirvi Sen
526,17-06-2020,25362,Pending,948,Kartik Bandi
527,04-04-2024,109785,Pending,805,Urvi Tara
528,29-04-2021,10668,Rejected,119,Aradhya Vohra
529,21-08-2024,18818,Pending,739,Bhavin Vohra
530,16-04-2023,91740,Rejected,334,Advika Sama
531,17-03-2022,86718,Rejected,694,Aayush Gandhi
532,23-01-2020,180183,Pending,798,Anaya Loke
533,27-04-2022,26476,Pending,101,Jayant Bora
534,24-05-2020,51238,Approved,891,Lakshay Deep
535,07-04-2023,43991,Pending,76,Divij Lata
536,31-03-2023,96843,Approved,56,Trisha Bhandari
537,30-09-2022,178645,Pending,222,Dharmajan Bhatti
538,05-05-2020,185938,Approved,183,Devansh Sandhu
539,15-10-2021,80529,Pending,469,Mishti Randhawa
540,27-01-2024,145365,Rejected,368,Misha Bajwa
541,28-04-2024,195233,Pending,344,Nitara Kumar
542,09-06-2023,29806,Rejected,583,Vedika Bhagat
543,16-12-2021,16632,Pending,114,Yuvraj  Swamy
544,02-04-2020,171072,Approved,429,Bhamini Amble
545,12-10-2022,38384,Approved,226,Mannat Johal
546,28-09-2023,177850,Rejected,161,Emir Yadav
547,26-08-2022,158962,Rejected,976,Rania Verma
548,16-03-2021,124248,Pending,592,Vidur Dube
549,18-06-2020,194176,Pending,89,Prerak Hans
550,26-12-2022,85281,Rejected,501,Indrans Sankaran
551,16-11-2022,173129,Pending,606,Jhanvi Kara
552,19-06-2021,97330,Approved,286,Farhan Gupta
553,03-06-2024,7828,Approved,754,Hiran Agate
554,01-05-2021,175157,Pending,336,Yasmin Wagle
555,28-09-2023,89679,Pending,914,Dharmajan Chhabra
556,27-06-2020,185859,Pending,936,Biju Bora
557,02-07-2020,116872,Pending,428,Kismat Lad
558,28-03-2020,196136,Pending,482,Saira Singhal
559,04-05-2024,148028,Rejected,35,Ahana  Sankar
560,25-06-2022,88011,Approved,491,Taran Kapoor
561,08-12-2023,162895,Rejected,842,Riaan Sankar
562,23-08-2021,24110,Approved,247,Jhanvi Chana
563,01-10-2021,21203,Pending,710,Kanav Bhatt
564,13-05-2020,147698,Pending,136,Zeeshan Hayer
565,26-09-2024,74889,Pending,664,Misha Kuruvilla
566,02-12-2021,199796,Pending,492,Khushi Kunda
567,20-11-2019,135462,Pending,721,Vidur Rama
568,10-03-2024,94560,Rejected,766,Lagan Biswas
569,18-09-2024,118814,Approved,475,Saksham Kumer
570,14-02-2022,155508,Rejected,416,Aaryahi Bobal
571,02-11-2023,41064,Approved,642,Neelofar Chandran
572,08-10-2023,95538,Rejected,2,Mishti Bora
573,03-01-2022,172775,Pending,395,Vihaan Vala
574,08-04-2024,179220,Approved,544,Stuvan Manda
575,30-05-2024,11379,Approved,771,Lavanya Balasubramanian
576,12-01-2023,57609,Rejected,556,Aniruddh Mangat
577,30-04-2022,117170,Pending,807,Eshani Chaudhary
578,07-04-2020,138510,Rejected,902,Hunar Uppal
579,04-06-2023,70460,Pending,528,Yuvaan Sem
580,16-08-2022,189338,Rejected,373,Jayesh Desai
581,30-01-2022,178156,Pending,393,Vidur Dara
582,02-07-2020,76290,Rejected,42,Samiha Lanka
583,09-03-2022,76286,Pending,664,Piya Bail
584,23-09-2024,113964,Pending,575,Amira Dua
585,14-10-2024,143321,Pending,142,Piya Mander
586,06-03-2020,196344,Pending,553,Piya Baral
587,08-01-2021,27144,Approved,756,Armaan Chand
588,06-06-2020,188134,Rejected,893,Neysa Bava
589,24-12-2020,192025,Pending,772,Dhanush Cheema
590,23-01-2023,150278,Pending,329,Arhaan Gaba
591,11-04-2022,73779,Approved,516,Saanvi Hari
592,17-08-2022,137644,Approved,56,Manikya Konda
593,14-11-2019,17357,Approved,464,Tiya Luthra
594,25-08-2023,99814,Rejected,850,Anika Grewal
595,17-06-2020,28928,Rejected,545,Suhana Bajaj
596,20-07-2021,137270,Rejected,922,Indranil Seshadri
597,20-06-2023,61992,Rejected,377,Anika Dara
598,30-03-2022,160981,Rejected,829,Diya Shenoy
599,30-03-2022,195726,Pending,193,Ishaan Kala
600,13-10-2023,178921,Approved,90,Hazel Dubey
601,24-05-2023,20633,Pending,296,Myra Choudhary
602,18-06-2020,191860,Pending,112,Zara Chawla
603,29-12-2020,37129,Pending,714,Mehul Magar
604,24-10-2022,33851,Pending,896,Nirvaan Kapoor
605,02-07-2023,44830,Rejected,24,Miraan Bala
606,29-10-2022,62168,Rejected,555,Heer Chahal
607,16-06-2020,186686,Approved,356,Shanaya Dewan
608,15-09-2022,86925,Rejected,661,Inaaya  Borde
609,24-12-2020,9189,Pending,65,Lagan Batra
610,17-12-2020,9297,Pending,855,Indrajit Gokhale
611,30-11-2022,189753,Rejected,344,Sara Randhawa
612,27-03-2021,85280,Approved,672,Akarsh Khare
613,04-06-2024,130980,Approved,498,Priyansh Bhakta
614,20-11-2020,120705,Rejected,543,Anahita Anne
615,24-04-2023,169172,Approved,469,Bhavin Karnik
616,15-01-2024,64296,Pending,920,Rohan Date
617,22-09-2022,158923,Pending,809,Sara Tella
618,16-10-2023,55701,Approved,381,Neysa Ramachandran
619,13-07-2023,194291,Pending,152,Ehsaan D’Alia
620,27-09-2020,73859,Approved,980,Zara Shroff
621,03-05-2023,37441,Pending,729,Lakshay Bhardwaj
622,26-02-2020,109387,Pending,997,Rohan Brar
623,05-02-2023,39195,Rejected,710,Samar Rama
624,15-06-2023,181419,Pending,166,Kaira Dey
625,09-06-2023,51392,Pending,325,Umang Kunda
626,15-08-2021,117032,Approved,267,Zara Ahuja
627,02-09-2024,77086,Pending,576,Kartik Varty
628,30-09-2022,142891,Rejected,325,Damini Sawhney
629,08-11-2023,195714,Pending,382,Uthkarsh Chandran
630,25-05-2021,92444,Pending,547,Stuvan Badal
631,24-05-2021,63804,Pending,415,Myra Banik
632,12-02-2021,186558,Pending,971,Ryan Chanda
633,28-09-2020,94318,Approved,160,Jayant Dalal
634,24-06-2024,5837,Rejected,560,Ishaan Varma
635,12-03-2024,195242,Approved,663,Ayesha Dash
636,02-07-2023,142563,Approved,918,Sara Walla
637,02-06-2022,61516,Rejected,683,Arnav Gulati
638,19-06-2022,33681,Rejected,747,Samiha Sha
639,18-10-2020,181842,Approved,347,Nitara Rau
640,27-01-2022,139384,Rejected,491,Shanaya Sahota
641,03-11-2021,180534,Pending,695,Zain Bora
642,29-05-2021,112437,Approved,26,Vedika Arya
643,07-04-2021,83318,Pending,457,Dhanuk Venkataraman
644,30-10-2020,74692,Approved,57,Aarush Sankar
645,06-03-2020,123589,Pending,598,Arnav Luthra
646,28-12-2020,107655,Approved,201,Gokul Bala
647,09-11-2022,9397,Rejected,870,Hansh Shere
648,22-03-2021,91864,Rejected,981,Hrishita Raj
649,20-10-2021,22039,Rejected,404,Veer Sinha
650,22-03-2020,42918,Approved,618,Riaan Kala
651,22-01-2023,122990,Pending,931,Alia Bhardwaj
652,08-12-2019,135019,Approved,152,Reyansh Keer
653,13-05-2024,144613,Approved,379,Prerak Tailor
654,07-10-2023,80292,Pending,292,Jivika Rana
655,25-08-2020,72259,Approved,457,Aradhya Char
656,18-08-2024,175489,Pending,221,Vritika Hayre
657,13-05-2023,146931,Approved,760,Bhavin Shah
658,25-03-2023,198556,Approved,296,Anahi Sekhon
659,16-06-2023,36939,Rejected,994,Jivin Kaul
660,23-06-2021,180056,Rejected,918,Aarna Anne
661,31-10-2021,85768,Rejected,613,Baiju Bose
662,26-05-2022,21785,Pending,311,Abram Hegde
663,01-07-2021,97550,Rejected,344,Seher Kata
664,26-04-2020,17893,Rejected,775,Indrans Uppal
665,22-02-2022,78276,Pending,420,Nitara Kala
666,27-12-2021,129567,Approved,425,Adah Yadav
667,09-05-2022,39104,Approved,728,Heer Johal
668,10-01-2023,115744,Pending,205,Vivaan Som
669,19-12-2021,41271,Approved,297,Mannat Varty
670,28-10-2020,113004,Pending,843,Ivan Saxena
671,06-02-2024,166118,Rejected,312,Aayush Anand
672,05-11-2019,101350,Rejected,475,Rasha Bhakta
673,08-08-2021,48781,Pending,158,Prerak Chandran
674,10-08-2023,56222,Rejected,855,Ayesha Setty
675,19-08-2020,129129,Pending,670,Tara Khanna
676,05-11-2021,134853,Approved,428,Kanav Chana
677,20-01-2021,39978,Rejected,661,Samaira Saini
678,31-05-2024,52726,Pending,784,Mamooty Khosla
679,10-06-2023,59057,Pending,614,Nayantara Sethi
680,01-01-2021,150385,Rejected,493,Saira Dalal
681,01-02-2022,115287,Approved,644,Azad Bhardwaj
682,18-09-2022,138753,Rejected,838,Fateh Keer
683,02-01-2024,28319,Rejected,751,Tushar Kashyap
684,21-05-2024,117176,Approved,167,Adira Baral
685,29-02-2020,118423,Pending,328,Armaan Andra
686,17-10-2022,94904,Rejected,139,Gatik Lanka
687,17-01-2023,74690,Pending,280,Nayantara Setty
688,31-01-2022,75427,Rejected,934,Mahika Shetty
689,31-10-2021,191255,Pending,297,Mishti Chauhan
690,14-05-2022,61875,Rejected,959,Reyansh Bala
691,22-11-2020,19981,Pending,785,Khushi Rege
692,10-02-2023,127466,Pending,614,Dhruv Dutta
693,05-10-2022,151763,Rejected,331,Parinaaz Lall
694,17-03-2020,175126,Rejected,820,Damini Khosla
695,15-12-2022,63709,Rejected,715,Trisha Gara
696,22-09-2023,139228,Pending,548,Divyansh Sant
697,09-08-2021,118109,Pending,14,Diya Singh
698,13-09-2021,31705,Approved,382,Kartik Korpal
699,06-04-2020,156868,Approved,349,Raghav Dave
700,07-02-2023,184577,Pending,105,Advik Ben
701,27-06-2021,47486,Rejected,227,Nirvaan Kulkarni
702,03-12-2022,167157,Rejected,629,Emir Maharaj
703,06-06-2022,139482,Rejected,867,Mannat Chowdhury
704,03-03-2021,108759,Rejected,720,Seher Dey
705,21-07-2022,152480,Pending,428,Azad Bali
706,20-10-2023,94796,Pending,120,Nishith Contractor
707,12-12-2023,164675,Pending,492,Darshit Bajwa
708,24-05-2023,72901,Rejected,372,Kartik Iyer
709,06-03-2020,32108,Approved,912,Ritvik Subramanian
710,10-08-2024,197578,Rejected,782,Dharmajan Chanda
711,29-10-2023,194172,Pending,727,Dhanush Ratti
712,16-02-2020,64413,Rejected,835,Vidur Butala
713,21-11-2023,28126,Pending,878,Saksham Kadakia
714,21-10-2019,140378,Rejected,233,Rania Apte
715,12-05-2022,64949,Pending,134,Dishani Kalla
716,08-02-2023,196316,Approved,708,Manjari Gole
717,26-01-2023,153790,Pending,80,Divyansh Basak
718,13-07-2024,8667,Approved,776,Ira Mani
719,26-11-2020,89093,Pending,111,Renee Anand
720,22-11-2023,11395,Rejected,526,Damini Kale
721,23-05-2022,120669,Approved,122,Taran Mand
722,27-10-2021,182163,Pending,68,Keya Koshy
723,16-07-2022,63821,Pending,773,Kiaan Sant
724,05-01-2023,23818,Pending,943,Faiyaz Deep
725,20-09-2024,122349,Rejected,923,Damini Rau
726,10-04-2023,44005,Rejected,360,Ela Sankar
727,30-03-2023,10706,Pending,867,Nirvi Khanna
728,10-07-2022,150509,Approved,972,Inaaya  Kalita
729,28-08-2021,118052,Approved,165,Samar Sahni
730,20-02-2022,171752,Rejected,628,Ranbir Sama
731,30-03-2021,52155,Rejected,70,Aniruddh Joshi
732,19-08-2024,24326,Rejected,782,Shayak Soman
733,21-09-2022,7727,Pending,733,Baiju Ahluwalia
734,27-06-2021,42352,Approved,176,Hazel Balan
735,30-06-2024,180824,Rejected,5,Tushar Jain
736,22-11-2021,194848,Pending,947,Shanaya Dhillon
737,16-08-2020,46733,Rejected,872,Dishani Lad
738,06-10-2022,143012,Approved,715,Riaan Mallick
739,13-06-2024,119929,Approved,690,Dharmajan Warrior
740,22-05-2021,191761,Pending,855,Samaira Bumb
741,27-08-2023,74190,Approved,435,Dishani Srinivasan
742,02-08-2021,46783,Pending,418,Badal Kothari
743,05-10-2024,27005,Approved,127,Hiran Krishna
744,22-06-2020,95851,Rejected,140,Veer Saini
745,01-11-2023,101684,Approved,722,Ayesha Kara
746,07-08-2020,61213,Rejected,42,Aarush Chowdhury
747,22-03-2022,21038,Approved,119,Jayant Bala
748,25-12-2023,80032,Approved,615,Adira Bali
749,15-01-2024,148554,Rejected,1000,Samar Karan
750,11-01-2022,169013,Pending,568,Anika Rattan
751,14-05-2020,84420,Approved,194,Navya Lalla
752,07-11-2019,172071,Approved,962,Vritika Balasubramanian
753,16-01-2020,137431,Pending,14,Divij Comar
754,31-10-2021,199751,Approved,689,Piya Ray
755,27-03-2021,25509,Approved,536,Raghav Tella
756,17-06-2024,133417,Pending,123,Onkar Agrawal
757,24-06-2020,32957,Approved,712,Samiha Tara
758,27-11-2021,120159,Pending,760,Emir Goel
759,21-07-2024,185432,Pending,67,Kavya Borde
760,08-10-2023,75923,Pending,347,Hunar Deol
761,04-04-2022,44051,Approved,126,Neelofar Kapur
762,19-05-2023,50410,Approved,743,Samarth Gulati
763,11-06-2020,102326,Rejected,785,Aaryahi Mand
764,05-09-2024,118474,Approved,775,Umang Zacharia
765,10-06-2024,158951,Rejected,966,Lagan Issac
766,05-08-2022,83046,Approved,683,Sahil Kohli
767,07-03-2020,122617,Approved,497,Riaan Kurian
768,23-09-2023,104726,Pending,787,Lavanya Chanda
769,06-12-2019,93654,Pending,257,Mamooty Lal
770,01-12-2020,100422,Pending,644,Shray Kakar
771,31-10-2020,188769,Pending,102,Hazel Ravi
772,28-09-2024,148871,Pending,511,Inaaya  Wali
773,26-05-2020,137231,Pending,392,Uthkarsh Jaggi
774,21-04-2023,122894,Approved,157,Veer Sethi
775,07-09-2024,64037,Rejected,99,Samiha Sekhon
776,11-09-2023,153233,Rejected,770,Pari Arya
777,28-01-2024,106390,Approved,812,Rasha Srinivasan
778,03-01-2023,95874,Approved,678,Amani Zachariah
779,29-04-2022,102090,Rejected,268,Umang Trivedi
780,18-08-2023,110775,Rejected,560,Nitara Dutta
781,01-10-2023,8446,Pending,441,Adira Khosla
782,15-08-2021,176625,Pending,393,Arnav Zacharia
783,26-09-2023,92773,Approved,454,Arhaan Setty
784,21-04-2023,94633,Pending,182,Kartik Sagar
785,30-11-2021,113550,Approved,906,Miraan Toor
786,15-09-2021,142682,Approved,442,Ranbir Kaur
787,16-03-2022,31225,Rejected,399,Nitya Sem
788,18-04-2021,100054,Pending,583,Charvi Mand
789,21-01-2024,136630,Rejected,568,Shayak Kapur
790,31-03-2020,138648,Rejected,482,Nirvaan Roy
791,08-06-2024,97803,Pending,519,Pranay Trivedi
792,24-03-2023,15869,Approved,507,Shanaya Sharaf
793,10-11-2022,120254,Approved,632,Dhanush Karpe
794,03-08-2021,136915,Approved,329,Darshit Dash
795,27-08-2021,16978,Rejected,47,Navya Ganesan
796,04-03-2024,29999,Approved,358,Pihu Mammen
797,07-10-2024,162863,Rejected,28,Yasmin Ratti
798,15-02-2024,154213,Rejected,350,Ivan Saxena
799,17-02-2021,79212,Approved,354,Shamik Soni
800,21-01-2024,198429,Approved,360,Miraya Shukla
801,28-08-2021,16008,Pending,254,Drishya Lal
802,16-05-2024,50751,Approved,607,Charvi Talwar
803,28-01-2020,21564,Rejected,68,Kismat Setty
804,02-10-2024,174443,Pending,346,Rania Samra
805,21-11-2019,38107,Rejected,334,Gokul Chandra
806,05-07-2020,12289,Rejected,885,Seher Dhaliwal
807,18-09-2021,87382,Rejected,924,Ritvik Ratta
808,21-06-2020,87129,Pending,713,Sahil Warrior
809,31-08-2023,96591,Pending,325,Navya Mahajan
810,25-03-2022,78659,Approved,331,Aradhya Bhatia
811,02-10-2020,116645,Approved,103,Tanya Solanki
812,23-02-2021,139718,Pending,345,Manjari Lalla
813,29-06-2022,101863,Rejected,348,Nakul Dave
814,09-07-2021,37492,Approved,373,Umang Thakur
815,15-03-2020,194038,Pending,509,Ehsaan Joshi
816,01-01-2021,128912,Pending,861,Amani Chakraborty
817,24-01-2022,170815,Pending,295,Dishani Raman
818,11-01-2023,56705,Approved,588,Jhanvi Salvi
819,29-12-2023,83395,Pending,640,Dharmajan Walia
820,25-11-2021,149863,Pending,735,Divyansh Grewal
821,10-03-2023,169616,Pending,607,Alia Balasubramanian
822,03-05-2020,70683,Pending,581,Diya Kaul
823,24-10-2020,161231,Approved,438,Faiyaz Aggarwal
824,29-01-2022,45899,Pending,668,Saanvi Ramaswamy
825,01-09-2024,165629,Rejected,824,Saanvi Walia
826,09-03-2020,63482,Rejected,553,Zoya Baral
827,10-03-2024,66104,Approved,412,Indrajit Chadha
828,21-06-2020,53997,Rejected,465,Ehsaan Mall
829,04-10-2024,135954,Rejected,185,Arhaan Dugar
830,06-02-2020,176775,Rejected,721,Sahil Hans
831,23-09-2020,105664,Pending,591,Anika Dani
832,25-04-2022,102345,Rejected,986,Anya Yogi
833,26-12-2021,165662,Approved,275,Ranbir Jani
834,28-09-2022,187747,Rejected,829,Rohan Gade
835,13-07-2020,124812,Approved,958,Nishith Vasa
836,23-07-2021,115393,Rejected,62,Tejas Raj
837,09-06-2020,106843,Approved,474,Yashvi Shroff
838,15-05-2022,33810,Pending,765,Stuvan Sagar
839,18-04-2023,138635,Approved,865,Kartik Arora
840,22-06-2021,89901,Approved,881,Krish Dada
841,29-02-2024,166892,Pending,650,Saanvi Dube
842,18-02-2024,44694,Approved,274,Shamik Andra
843,07-04-2020,165624,Rejected,165,Ritvik Deep
844,30-07-2021,55007,Rejected,242,Jayesh Yogi
845,02-07-2022,84144,Pending,154,Chirag Mander
846,19-07-2020,42424,Pending,817,Tejas D’Alia
847,09-03-2023,166310,Approved,498,Anahi Anne
848,22-02-2023,114166,Approved,433,Mannat Kala
849,19-11-2023,131150,Pending,207,Dishani Rattan
850,23-08-2020,36075,Pending,30,Prerak Bali
851,06-06-2022,55387,Approved,675,Indrajit Devan
852,22-02-2022,112388,Rejected,873,Raghav Solanki
853,08-10-2024,13235,Rejected,498,Piya Tara
854,29-06-2022,157536,Pending,881,Shray Arora
855,28-08-2024,179819,Approved,617,Oorja Deo
856,21-06-2021,63106,Pending,923,Sara Shukla
857,12-06-2020,191242,Approved,688,Arnav Wali
858,09-01-2023,133199,Pending,407,Kismat Bose
859,29-12-2021,188917,Rejected,863,Tejas Bawa
860,17-07-2021,32409,Pending,585,Amani Basak
861,21-03-2020,148224,Pending,535,Rohan Ranganathan
862,04-10-2024,134522,Rejected,973,Jayant Kala
863,09-03-2022,156148,Rejected,258,Ela Deo
864,26-10-2023,101808,Pending,244,Sana Ramaswamy
865,28-07-2024,121965,Approved,338,Kashvi Suresh
866,23-02-2021,167305,Rejected,400,Taran Bajwa
867,11-08-2020,162139,Rejected,242,Lakshit Dar
868,15-08-2024,187423,Pending,148,Nirvi Dara
869,16-02-2023,25829,Pending,994,Samar Manne
870,03-09-2021,58537,Approved,261,Ishita Kala
871,16-11-2022,173265,Pending,503,Siya Srivastava
872,26-10-2020,109027,Rejected,972,Rania Venkataraman
873,28-03-2021,27027,Rejected,434,Kaira Sharaf
874,20-09-2020,97597,Pending,987,Diya Sodhi
875,09-08-2021,59158,Pending,372,Anay Kala
876,11-04-2021,97668,Approved,842,Tara Lata
877,05-10-2020,65093,Rejected,991,Neysa Rastogi
878,01-04-2021,181520,Pending,862,Tejas Bhardwaj
879,30-04-2023,149193,Pending,708,Kaira Basu
880,01-01-2024,183904,Rejected,246,Yakshit Bhat
881,04-09-2024,54332,Approved,317,Aayush Korpal
882,12-07-2020,129595,Rejected,372,Anaya Bobal
883,26-01-2021,181116,Rejected,125,Manikya Sarraf
884,30-07-2022,109308,Pending,879,Nishith Setty
885,02-08-2021,91269,Pending,932,Lagan Barman
886,23-12-2022,192346,Approved,309,Sumer Kalita
887,24-03-2021,22599,Pending,305,Saira Biswas
888,13-06-2022,46025,Pending,938,Rasha Thakkar
889,28-12-2019,90575,Approved,901,Saanvi Saraf
890,16-01-2020,163388,Rejected,417,Ehsaan Deol
891,07-08-2023,158917,Approved,888,Divij Shukla
892,15-06-2023,20618,Approved,483,Hazel Sama
893,19-05-2024,148704,Approved,735,Dhanuk Loyal
894,23-11-2020,87361,Pending,845,Reyansh Hans
895,16-06-2024,36267,Approved,519,Divit Iyengar
896,16-06-2021,17942,Approved,617,Hansh Ram
897,15-12-2023,147200,Rejected,756,Lakshit Lal
898,22-06-2023,68720,Rejected,29,Nayantara Verma
899,16-07-2023,153585,Rejected,657,Hridaan Sehgal
900,08-03-2021,40829,Approved,811,Hiran Biswas
901,12-12-2021,130014,Pending,411,Adah Chaudhry
902,28-08-2023,44015,Approved,322,Vihaan Kunda
903,21-06-2020,117283,Pending,162,Shlok Dass
904,08-09-2020,53673,Rejected,993,Shlok Bir
905,28-03-2024,154683,Rejected,782,Hrishita Dey
906,10-11-2023,30368,Rejected,703,Manjari Aggarwal
907,01-03-2022,85012,Approved,463,Anahita Dhaliwal
908,27-07-2020,98281,Rejected,137,Aarna Dugal
909,18-08-2021,55833,Rejected,608,Priyansh Barad
910,31-10-2019,166220,Approved,204,Amira Raj
911,08-05-2022,21458,Approved,187,Veer Sant
912,16-07-2022,81731,Approved,968,Tanya Gill
913,24-08-2021,167762,Rejected,230,Kavya Dasgupta
914,22-11-2020,9043,Pending,946,Rohan Tiwari
915,01-02-2022,113913,Rejected,642,Ranbir Seth
916,26-12-2022,49598,Pending,998,Kashvi Raj
917,10-12-2022,95173,Approved,719,Aarush Shetty
918,25-06-2024,171107,Pending,411,Anya Dutt
919,17-01-2022,125511,Rejected,267,Himmat Sekhon
920,05-06-2024,34104,Approved,175,Shanaya Dyal
921,20-08-2023,189712,Pending,15,Aaryahi Kakar
922,25-04-2021,145124,Approved,792,Vritika Saxena
923,22-10-2019,184398,Approved,848,Renee Kala
924,11-04-2021,136354,Pending,230,Anay Doctor
925,18-06-2021,144145,Pending,969,Ahana  Bhatia
926,02-01-2022,173078,Approved,295,Ira Khanna
927,16-03-2021,150556,Approved,134,Ela Dass
928,09-10-2024,89105,Pending,615,Aaryahi Bhardwaj
929,07-10-2022,47035,Approved,745,Ela Viswanathan
930,28-10-2021,137052,Approved,185,Samarth Sheth
931,02-06-2023,84662,Pending,30,Samiha Bal
932,24-07-2024,61588,Approved,242,Diya Chahal
933,26-12-2019,125448,Pending,379,Nayantara Krishnamurthy
934,03-11-2019,118666,Rejected,470,Jayan Badami
935,26-09-2024,21719,Approved,137,Taimur Chakrabarti
936,12-10-2020,174931,Rejected,408,Neelofar Sarraf
937,17-02-2022,138936,Rejected,393,Kiaan Ravi
938,28-09-2022,143148,Rejected,612,Ayesha Mandal
939,01-07-2020,54964,Pending,571,Badal Sethi
940,19-02-2021,16457,Approved,954,Vanya Mannan
941,30-11-2020,50794,Approved,621,Ivan Dugar
942,17-07-2020,188168,Rejected,727,Abram Sunder
943,25-03-2021,150907,Pending,6,Anvi Ram
944,30-07-2024,54463,Rejected,391,Taran Toor
945,30-09-2023,63989,Approved,688,Shamik Subramaniam
946,07-12-2021,77326,Rejected,43,Jayan Kale
947,03-02-2020,118195,Approved,174,Jayesh Trivedi
948,03-04-2021,103231,Approved,899,Badal Majumdar
949,03-11-2019,96277,Pending,325,Anika Rege
950,28-01-2020,143500,Approved,146,Mehul Khosla
951,06-05-2024,55779,Approved,46,Ayesha Bera
952,03-10-2022,195811,Approved,893,Vaibhav Madan
953,04-08-2022,194807,Approved,766,Ritvik Halder
954,01-12-2019,75315,Approved,290,Kashvi Buch
955,24-03-2020,181045,Approved,628,Farhan Gola
956,08-07-2020,166770,Approved,530,Hiran Roy
957,22-02-2024,66037,Pending,324,Veer Bajaj
958,26-12-2019,148690,Approved,783,Prisha Dhillon
959,19-09-2024,190260,Rejected,874,Faiyaz Behl
960,25-07-2023,184956,Rejected,818,Umang Manne
961,02-05-2020,90798,Pending,153,Yuvaan Divan
962,23-01-2024,15641,Pending,37,Nishith Keer
963,14-11-2020,96698,Pending,723,Mannat Samra
964,26-12-2019,96091,Pending,917,Hunar Dugar
965,12-09-2024,185805,Pending,453,Dishani Dewan
966,27-03-2024,74521,Rejected,575,Priyansh Sidhu
967,02-10-2021,99614,Approved,116,Jivika Sani
968,23-07-2023,169938,Pending,127,Mishti Korpal
969,08-06-2020,73173,Pending,890,Sahil Saha
970,15-05-2021,60403,Pending,768,Pari Rao
971,23-07-2022,104204,Approved,577,Dhanush Subramaniam
972,30-09-2024,178724,Rejected,218,Advika Sampath
973,11-01-2024,118792,Pending,539,Azad Kaur
974,21-07-2020,154535,Pending,427,Seher Rout
975,15-03-2020,184481,Pending,787,Tejas Chandra
976,31-08-2021,102132,Pending,909,Mamooty Zacharia
977,10-10-2022,69088,Approved,698,Farhan Rattan
978,20-10-2023,196360,Pending,404,Krish Deol
979,24-11-2019,77844,Pending,858,Suhana Raval
980,16-07-2020,68090,Pending,84,Samarth Lata
981,03-06-2024,94745,Rejected,676,Aaina Dasgupta
982,27-09-2020,98572,Rejected,979,Nitya Choudhry
983,30-05-2024,57517,Rejected,6,Bhavin Guha
984,26-09-2020,69238,Pending,672,Shlok Doshi
985,15-01-2021,126361,Approved,333,Faiyaz Uppal
986,29-03-2024,189747,Rejected,929,Manjari Dave
987,11-10-2020,191694,Rejected,133,Samaira Savant
988,02-02-2023,46217,Pending,821,Oorja Mannan
989,29-08-2022,130511,Approved,818,Anika Chauhan
990,13-10-2021,15829,Pending,561,Neysa Hayer
991,27-05-2023,190621,Approved,95,Ira Bhasin
992,04-03-2022,82777,Pending,246,Dhruv Chopra
993,20-08-2023,193185,Approved,92,Akarsh Singhal
994,22-10-2019,9000,Pending,167,Jiya Mahajan
995,18-04-2020,80758,Approved,292,Emir Agate
996,16-04-2023,131198,Rejected,158,Ivana Butala
997,05-05-2021,28517,Approved,821,Purab Dalal
998,25-02-2021,89310,Approved,926,Shray Som
999,22-01-2022,138568,Pending,368,Dhanush Sama
1000,04-03-2024,134776,Approved,525,Nayantara Mann
1001,12-12-2023,43975,Approved,907,Shaan Bali
1002,19-08-2023,80677,Approved,577,Shray Dhar
1003,30-10-2021,122066,Pending,775,Kavya Mallick
1004,24-02-2020,87395,Approved,629,Purab Goswami
1005,26-12-2021,41339,Rejected,437,Aniruddh Dhar
1006,14-02-2022,23125,Rejected,350,Eshani Bajaj
1007,23-05-2020,194788,Rejected,230,Aarush Joshi
1008,16-10-2024,131284,Rejected,159,Yakshit Ramesh
1009,27-05-2024,186480,Rejected,645,Lavanya Loyal
1010,21-08-2021,131209,Pending,298,Kanav Basak
1011,09-03-2023,96303,Pending,929,Khushi Sibal
1012,27-03-2021,161301,Approved,153,Yasmin Hans
1013,02-04-2022,196916,Rejected,925,Tarini Toor
1014,28-10-2021,63580,Pending,536,Alia Ghose
1015,30-10-2019,88408,Rejected,49,Jivika Tank
1016,09-09-2024,112444,Pending,526,Neysa Kale
1017,02-03-2022,25988,Approved,423,Ela Bhardwaj
1018,24-04-2020,23424,Rejected,738,Alia Bhakta
1019,16-04-2020,115853,Approved,364,Ahana  Ratta
1020,31-12-2022,54698,Pending,788,Divyansh Andra
1021,29-07-2022,103172,Pending,759,Anay Madan
1022,21-01-2023,134008,Pending,806,Madhav Sengupta
1023,17-01-2024,40531,Approved,47,Kavya Deshpande
1024,24-10-2022,21242,Rejected,305,Riya Lata
1025,20-06-2021,66220,Rejected,466,Dharmajan Lala
1026,25-11-2022,152684,Approved,639,Veer Sha
1027,18-08-2022,162528,Approved,990,Jivika Das
1028,23-12-2021,184032,Pending,217,Diya Bera
1029,22-01-2021,41092,Rejected,619,Ela Mahal
1030,04-03-2024,55567,Rejected,109,Aarush Keer
1031,19-07-2024,89591,Pending,6,Renee Ratti
1032,30-10-2021,82012,Pending,176,Biju Baria
1033,02-10-2023,132881,Approved,709,Mishti Tandon
1034,28-08-2021,83993,Rejected,989,Ayesha Ratti
1035,08-04-2024,150128,Rejected,499,Anahi Shankar
1036,29-05-2023,64046,Rejected,370,Nishith Sekhon
1037,09-04-2021,139679,Rejected,692,Shamik Lanka
1038,06-06-2024,82024,Approved,90,Dharmajan Sabharwal
1039,16-10-2020,29392,Pending,196,Sara Kannan
1040,29-09-2023,26823,Pending,713,Divyansh Wadhwa
1041,20-11-2022,194251,Pending,215,Inaaya  Aurora
1042,18-08-2023,98818,Pending,666,Sahil Bhatnagar
1043,15-01-2022,52147,Rejected,879,Anahita Kalla
1044,20-12-2019,159052,Pending,89,Onkar Virk
1045,25-12-2020,63679,Approved,152,Mahika Kapadia
1046,20-04-2023,97428,Pending,120,Charvi Batra
1047,13-05-2021,37391,Pending,757,Onkar Dixit
1048,12-10-2022,142007,Approved,483,Yasmin Kannan
1049,20-08-2024,8827,Approved,600,Dhruv Rajan
1050,16-02-2023,52313,Approved,584,Onkar Mangat
1051,15-12-2019,166743,Approved,53,Nirvi Sarraf
1052,20-01-2022,70101,Pending,646,Rania Vyas
1053,19-10-2024,170288,Approved,426,Shamik Doshi
1054,12-05-2022,170480,Rejected,593,Kaira Kakar
1055,01-04-2021,121189,Rejected,298,Hunar Thakkar
1056,25-09-2020,12218,Approved,498,Stuvan Dasgupta
1057,29-06-2024,105104,Rejected,627,Urvi Tak
1058,25-08-2021,187380,Approved,238,Amira Yohannan
1059,28-03-2023,144287,Rejected,20,Shanaya Iyer
1060,09-12-2023,87291,Approved,567,Rati Borra
1061,26-12-2021,17385,Rejected,428,Jivin Amble
1062,06-11-2021,178382,Pending,507,Tiya Dyal
1063,22-11-2023,126426,Rejected,356,Aayush Jain
1064,03-10-2022,92423,Approved,22,Ehsaan Bhatti
1065,01-03-2022,36460,Rejected,197,Tanya Balakrishnan
1066,28-10-2023,96502,Approved,238,Ira Dada
1067,05-07-2023,103989,Rejected,931,Shaan Bail
1068,22-05-2023,138570,Rejected,874,Ehsaan Mane
1069,26-12-2020,169281,Rejected,480,Amira Bhasin
1070,13-05-2023,30576,Approved,741,Jayan Chauhan
1071,01-10-2021,143720,Approved,854,Jivin Zacharia
1072,16-05-2023,188533,Rejected,753,Dharmajan Kashyap
1073,11-08-2023,75250,Approved,819,Zeeshan Garg
1074,29-08-2022,194334,Pending,637,Lagan Bhatt
1075,02-07-2023,45406,Rejected,768,Kanav Ganesh
1076,05-01-2022,21807,Approved,133,Alisha Uppal
1077,06-11-2019,38792,Pending,621,Oorja Trivedi
1078,27-06-2024,100976,Approved,966,Lakshit Chaudhuri
1079,06-12-2020,198785,Approved,241,Baiju Chacko
1080,24-07-2022,45839,Pending,19,Azad Devi
1081,13-03-2023,74963,Approved,366,Sana Dubey
1082,13-12-2019,137001,Pending,848,Divit Magar
1083,20-12-2022,172595,Rejected,33,Mehul Bhalla
1084,17-06-2020,162329,Approved,441,Yuvaan Divan
1085,12-02-2024,27224,Pending,124,Samarth Varghese
1086,01-05-2023,114586,Approved,265,Seher Mall
1087,21-09-2023,198764,Approved,788,Kartik Sankar
1088,15-09-2020,14102,Rejected,274,Hrishita Vala
1089,25-10-2021,179782,Rejected,895,Uthkarsh Dhawan
1090,03-08-2024,105501,Rejected,107,Faiyaz Gera
1091,29-01-2021,142749,Approved,819,Ojas Gopal
1092,26-03-2024,94141,Pending,999,Suhana Balay
1093,08-01-2023,25649,Rejected,625,Kartik Sachar
1094,01-08-2021,157520,Pending,844,Lakshay Bhatti
1095,04-03-2021,114682,Rejected,108,Adira Sibal
1096,01-07-2024,37574,Pending,892,Anahita Agarwal
1097,13-08-2020,45050,Approved,161,Dharmajan Thakur
1098,24-08-2022,147028,Rejected,453,Ayesha Deep
1099,19-07-2020,153583,Approved,751,Zara Shetty
1100,06-12-2022,174746,Pending,663,Jayesh Ben
1101,08-06-2024,75929,Pending,126,Rania Chatterjee
1102,10-04-2022,170476,Approved,993,Nehmat Barad
1103,17-10-2023,86071,Pending,252,Kiara Yohannan
1104,22-05-2022,167789,Approved,350,Rasha Savant
1105,17-09-2022,60918,Pending,88,Anika Wason
1106,09-07-2023,56873,Rejected,773,Kavya Shroff
1107,03-01-2023,85927,Rejected,681,Shray Chaudhuri
1108,19-04-2023,52863,Rejected,432,Ehsaan Behl
1109,07-12-2023,158507,Pending,822,Siya Bir
1110,03-03-2020,88620,Approved,920,Ryan Goswami
1111,18-11-2023,94457,Rejected,814,Gatik Raval
1112,01-08-2023,138029,Pending,454,Vaibhav Gera
1113,09-04-2021,33389,Pending,735,Aarush Bajwa
1114,29-11-2020,162218,Pending,87,Riaan Chakraborty
1115,24-11-2020,70969,Approved,791,Alisha Bath
1116,24-03-2023,37043,Pending,403,Sahil Comar
1117,25-08-2021,153043,Rejected,945,Sara Sura
1118,29-10-2022,130086,Rejected,60,Zoya Ram
1119,24-08-2023,195658,Rejected,819,Chirag Bali
1120,21-05-2020,133771,Rejected,997,Himmat Rana
1121,06-03-2021,62666,Approved,908,Suhana Uppal
1122,17-11-2019,137770,Rejected,895,Samaira Bala
1123,23-05-2023,64343,Rejected,322,Aaryahi Rau
1124,26-12-2021,182300,Pending,847,Badal Ravel
1125,17-10-2020,59557,Rejected,626,Charvi Sibal
1126,22-11-2021,184488,Rejected,414,Arnav Barad
1127,22-02-2020,92007,Pending,909,Aniruddh Sangha
1128,13-01-2022,111163,Rejected,668,Armaan Bajwa
1129,16-08-2022,91218,Approved,909,Neelofar Bajaj
1130,14-06-2022,163307,Rejected,415,Vidur Yogi
1131,10-05-2023,156203,Approved,87,Rhea Ghose
1132,23-07-2020,12209,Approved,400,Krish Mahal
1133,07-11-2022,146394,Rejected,901,Anaya Sankar
1134,07-05-2021,29571,Rejected,291,Amira Som
1135,21-04-2024,46678,Rejected,566,Kaira Zachariah
1136,10-05-2021,65889,Approved,776,Ivan Garde
1137,17-08-2021,128959,Pending,29,Ryan Desai
1138,19-04-2024,178612,Rejected,607,Ayesha Som
1139,14-04-2023,55445,Approved,744,Taimur Kashyap
1140,29-10-2023,87435,Rejected,114,Saksham Dugal
1141,13-08-2021,147737,Approved,266,Kimaya Butala
1142,07-07-2024,127263,Approved,127,Onkar Kakar
1143,23-10-2021,14308,Rejected,964,Ivan Vohra
1144,25-04-2022,29326,Approved,587,Piya Dani
1145,03-01-2022,148687,Approved,348,Pranay Mannan
1146,12-05-2020,196675,Rejected,596,Yuvaan Badal
1147,19-02-2024,115291,Rejected,682,Parinaaz Swaminathan
1148,06-10-2023,108991,Rejected,240,Ivana Brar
1149,13-01-2021,73316,Approved,683,Lakshit Rout
1150,26-01-2022,158034,Rejected,587,Myra Mangat
1151,07-04-2022,136125,Rejected,387,Amani Subramaniam
1152,16-05-2022,106335,Pending,108,Eshani Goel
1153,01-03-2023,68930,Rejected,198,Romil Gala
1154,26-06-2020,165454,Approved,466,Jayesh Bhargava
1155,07-12-2022,24108,Rejected,436,Hiran Rao
1156,15-10-2024,166545,Pending,95,Onkar Bhatti
1157,11-01-2023,17128,Pending,488,Anvi Balay
1158,01-09-2021,46883,Pending,379,Vritika Mann
1159,12-07-2020,136980,Approved,603,Mehul Zacharia
1160,09-05-2024,113999,Approved,893,Advika Jaggi
1161,13-03-2022,56420,Approved,652,Farhan Sinha
1162,05-12-2020,87567,Approved,706,Sana Rama
1163,17-10-2022,186552,Approved,750,Prerak Goswami
1164,20-01-2021,194788,Pending,148,Samaira Mangal
1165,02-10-2020,103628,Approved,729,Ahana  Chadha
1166,22-11-2019,94254,Rejected,526,Yashvi Kaur
1167,23-07-2023,173338,Pending,712,Biju Rao
1168,21-09-2023,46465,Approved,34,Nakul Varkey
1169,15-08-2021,150567,Rejected,379,Yakshit Mammen
1170,01-03-2023,184731,Pending,617,Baiju Saxena
1171,16-11-2023,171202,Pending,124,Lakshit Manda
1172,14-10-2020,77069,Approved,42,Tara Sahni
1173,02-10-2024,106942,Pending,381,Ira Brar
1174,14-03-2024,64460,Approved,311,Diya Trivedi
1175,05-08-2021,62326,Pending,811,Abram Kant
1176,23-10-2021,32860,Rejected,432,Hazel Ray
1177,16-07-2022,14487,Approved,911,Aayush Golla
1178,12-02-2020,60279,Pending,839,Diya Bhargava
1179,29-09-2022,149234,Pending,126,Piya Bassi
1180,21-01-2022,111770,Pending,892,Himmat Karpe
1181,28-01-2024,13713,Approved,587,Vivaan Solanki
1182,07-04-2023,65392,Approved,922,Devansh Keer
1183,22-02-2023,70876,Approved,487,Pari Kashyap
1184,23-04-2021,167720,Rejected,136,Manikya Taneja
1185,07-02-2024,153580,Rejected,652,Ryan Desai
1186,20-11-2022,94883,Approved,684,Stuvan Barman
1187,01-02-2022,92570,Rejected,334,Shlok Chaudry
1188,06-02-2020,22416,Rejected,681,Ritvik Dayal
1189,28-01-2023,126600,Approved,239,Nirvaan Magar
1190,10-01-2022,180548,Approved,554,Shaan Dhar
1191,22-08-2022,13935,Rejected,912,Dhruv Bhatnagar
1192,05-01-2021,91404,Approved,662,Devansh Randhawa
1193,27-03-2024,22263,Pending,725,Jhanvi Bedi
1194,17-07-2021,9837,Rejected,816,Gokul Bala
1195,05-11-2022,155461,Approved,575,Bhavin Malhotra
1196,07-09-2024,130806,Rejected,573,Anay Mandal
1197,04-02-2021,21605,Rejected,555,Indrajit Sawhney
1198,20-02-2020,117487,Pending,981,Saanvi Dubey
1199,22-05-2020,116198,Pending,769,Aaryahi Jani
1200,14-07-2023,97788,Pending,124,Yasmin Taneja
1201,28-03-2023,133360,Rejected,185,Rasha Mahal
1202,25-02-2021,192663,Approved,806,Uthkarsh Sathe
1203,12-04-2023,45132,Rejected,860,Riaan Balan
1204,17-12-2019,178093,Approved,87,Kismat Saini
1205,22-11-2023,162350,Rejected,329,Madhup Gade
1206,20-04-2022,83351,Pending,504,Kabir Goswami
1207,12-10-2022,173085,Pending,349,Sana Bhardwaj
1208,01-01-2021,90218,Approved,25,Madhav Gopal
1209,18-08-2022,172631,Approved,392,Baiju Bhargava
1210,06-03-2021,55150,Pending,102,Madhup Date
1211,28-06-2021,110647,Approved,148,Samiha Dayal
1212,10-02-2023,40620,Pending,158,Kavya Choudhry
1213,04-10-2023,64825,Approved,695,Aaryahi Khanna
1214,05-08-2022,37992,Rejected,985,Rohan Dhillon
1215,31-12-2019,68432,Pending,731,Mohanlal Bassi
1216,30-01-2022,16408,Approved,102,Jivin Bhasin
1217,07-06-2020,67408,Approved,915,Zaina Gandhi
1218,02-01-2024,68222,Approved,965,Advik Walia
1219,03-10-2022,166410,Pending,54,Samar Comar
1220,09-03-2021,44499,Rejected,601,Vivaan Tailor
1221,29-06-2024,51116,Rejected,771,Sumer Dutt
1222,23-10-2019,103362,Pending,276,Vidur Tata
1223,24-03-2022,16823,Approved,567,Abram Goda
1224,01-04-2024,84380,Approved,30,Samiha Hayre
1225,05-04-2020,84461,Pending,936,Indranil Borde
1226,27-07-2024,177800,Approved,568,Vardaniya Mann
1227,15-09-2024,192878,Rejected,104,Kavya Borde
1228,30-04-2024,53032,Rejected,668,Vidur Krishnan
1229,21-09-2024,158117,Approved,582,Divyansh Aurora
1230,16-03-2023,84315,Pending,867,Tiya Walia
1231,02-05-2021,128981,Pending,802,Raunak Dugal
1232,19-06-2021,193743,Approved,554,Saksham Chahal
1233,07-08-2021,197135,Pending,551,Ehsaan Datta
1234,13-08-2020,190759,Rejected,463,Vedika Dada
1235,04-08-2023,13149,Approved,985,Amira Ray
1236,06-03-2021,166728,Approved,669,Pranay Sastry
1237,26-12-2020,194556,Pending,62,Azad Vohra
1238,10-10-2022,187034,Approved,280,Jivin Sachar
1239,20-04-2022,121584,Rejected,390,Ahana  Mane
1240,24-09-2021,199852,Rejected,218,Anika Sha
1241,28-07-2024,119106,Rejected,289,Badal Deep
1242,14-02-2024,13870,Rejected,547,Keya Bedi
1243,06-10-2022,114801,Approved,92,Seher Gola
1244,22-01-2022,82084,Pending,851,Ritvik Mall
1245,10-08-2023,32232,Rejected,287,Myra Bains
1246,04-06-2022,176264,Pending,626,Tiya Dube
1247,19-01-2024,103440,Approved,906,Pranay Aggarwal
1248,28-02-2024,138010,Approved,651,Aradhya Tandon
1249,14-09-2024,55965,Rejected,464,Vedika Barad
1250,21-07-2022,58238,Rejected,330,Manjari Raja
1251,02-03-2021,71618,Approved,983,Kiara Bhandari
1252,01-07-2021,121905,Pending,936,Mohanlal Sodhi
1253,03-10-2024,139910,Rejected,945,Mishti Balay
1254,10-03-2023,5399,Approved,5,Pari Amble
1255,04-06-2022,180782,Rejected,178,Yuvaan Sant
1256,22-10-2021,85567,Rejected,721,Aayush Sridhar
1257,01-10-2024,100350,Approved,552,Anaya Soman
1258,26-08-2020,20824,Rejected,667,Ehsaan Zacharia
1259,23-06-2022,20117,Pending,914,Tiya Walia
1260,25-01-2024,167256,Rejected,456,Hiran Kaur
1261,13-01-2023,136088,Approved,996,Amani Dewan
1262,03-09-2020,163492,Rejected,367,Shayak Dara
1263,02-08-2023,80416,Rejected,9,Yuvraj  Shah
1264,29-12-2022,29329,Approved,959,Ivana Garg
1265,15-05-2023,42633,Pending,227,Piya Kant
1266,30-08-2020,149913,Approved,697,Ritvik Dani
1267,07-03-2023,184673,Approved,197,Neysa Sastry
1268,07-10-2020,22543,Rejected,641,Yuvaan Swaminathan
1269,17-03-2024,64120,Rejected,227,Khushi Tak
1270,18-12-2022,50680,Approved,991,Sahil Banik
1271,03-01-2024,75785,Approved,505,Adah Lal
1272,02-01-2024,181379,Rejected,621,Ayesha Mahal
1273,13-03-2021,45772,Pending,841,Yuvraj  Ray
1274,29-11-2021,129495,Pending,891,Sana Shankar
1275,15-07-2021,59083,Rejected,506,Shaan Bassi
1276,21-11-2019,38243,Pending,676,Dhanush Arya
1277,18-03-2021,149069,Rejected,699,Rania Bhargava
1278,30-01-2022,122580,Pending,67,Purab Barad
1279,03-04-2020,119692,Rejected,67,Dhruv Shanker
1280,25-11-2020,29849,Rejected,877,Zara Baria
1281,29-08-2023,49453,Rejected,747,Anahita Dayal
1282,26-07-2024,157539,Pending,869,Saksham Sankar
1283,05-11-2023,137206,Rejected,695,Divit Raja
1284,18-02-2022,108924,Approved,698,Kanav Sood
1285,23-01-2024,114223,Approved,3,Kabir Shankar
1286,18-05-2020,187889,Rejected,690,Onkar Dyal
1287,21-05-2024,188899,Pending,875,Prerak Varty
1288,13-11-2023,188058,Approved,865,Diya Arora
1289,15-01-2024,199046,Approved,125,Keya Chana
1290,23-09-2023,137634,Approved,508,Alia Desai
1291,11-06-2021,75487,Pending,906,Rania Dhawan
1292,12-03-2021,145638,Pending,285,Raghav Chakraborty
1293,08-06-2022,184086,Rejected,460,Biju Chadha
1294,01-02-2023,66667,Approved,200,Mohanlal Dutta
1295,15-04-2022,70268,Rejected,828,Yuvaan Kamdar
1296,02-12-2020,9948,Rejected,232,Anya Soman
1297,14-04-2021,195729,Approved,981,Indrajit Bhatti
1298,21-10-2021,19516,Pending,202,Saira Lal
1299,11-07-2023,37074,Approved,65,Diya Wable
1300,17-04-2023,127069,Pending,29,Lakshay Thaker
1301,18-05-2022,98593,Pending,607,Stuvan D’Alia
1302,02-10-2024,160458,Approved,861,Taran Vohra
1303,14-03-2020,53830,Pending,485,Jiya Warrior
1304,23-12-2019,51480,Approved,853,Drishya Sem
1305,17-07-2022,15614,Approved,533,Rati Varty
1306,26-01-2024,159852,Pending,795,Hiran Mallick
1307,19-05-2022,121993,Approved,783,Aarav Bose
1308,21-08-2023,23656,Approved,593,Aaina Saraf
1309,03-12-2020,29341,Pending,939,Ishita Sekhon
1310,24-02-2022,11502,Approved,912,Emir Sani
1311,19-04-2022,170300,Pending,802,Kismat Bala
1312,18-01-2022,29869,Approved,57,Amani Gade
1313,01-07-2020,63787,Rejected,443,Miraan Wason
1314,23-12-2023,17829,Rejected,58,Yakshit Warrior
1315,15-12-2019,114055,Approved,871,Akarsh Wason
1316,24-05-2024,79384,Pending,633,Nishith Sanghvi
1317,16-03-2024,151633,Pending,886,Aayush Sanghvi
1318,10-12-2019,121917,Rejected,639,Pihu Ravi
1319,08-04-2021,7068,Approved,476,Heer Agrawal
1320,21-05-2023,160057,Rejected,635,Sana Sule
1321,01-07-2024,24749,Rejected,961,Mishti Desai
1322,23-05-2023,136776,Pending,465,Mohanlal Dugar
1323,11-07-2021,105857,Rejected,198,Manjari Borah
1324,26-01-2021,26061,Pending,610,Jayan Bhasin
1325,21-11-2020,144093,Rejected,809,Yakshit Ratta
1326,24-12-2019,168952,Rejected,130,Yashvi Dutta
1327,13-05-2024,129286,Approved,364,Urvi Zachariah
1328,15-04-2021,87096,Rejected,636,Manikya Chacko
1329,05-01-2024,91702,Pending,141,Mamooty Dua
1330,02-01-2022,160420,Pending,131,Priyansh Banik
1331,19-02-2023,65775,Approved,526,Ela Chhabra
1332,14-07-2024,192150,Approved,319,Onkar Shukla
1333,03-06-2024,118815,Rejected,795,Hrishita Sami
1334,22-03-2021,33397,Approved,317,Lakshit Sankar
1335,07-06-2021,122649,Approved,378,Jayesh Krishnamurthy
1336,13-05-2022,194203,Rejected,601,Tanya Varughese
1337,01-03-2023,133247,Pending,59,Lavanya Manne
1338,16-08-2024,51291,Rejected,880,Dhanush Bajaj
1339,16-02-2024,15648,Approved,201,Tiya Kumar
1340,16-03-2023,195420,Rejected,931,Hunar Bhakta
1341,04-11-2021,44246,Pending,350,Alia Shetty
1342,05-07-2022,41924,Approved,712,Dhanush Sood
1343,05-01-2022,139909,Approved,615,Nitara Gokhale
1344,16-05-2022,140021,Rejected,580,Alia Bhatti
1345,11-02-2021,192798,Rejected,307,Aniruddh Saxena
1346,28-03-2020,86646,Pending,108,Ela Ramaswamy
1347,28-12-2023,93589,Pending,508,Trisha Datta
1348,17-03-2021,47784,Pending,655,Nirvi Garg
1349,26-08-2023,48490,Pending,478,Arhaan Chopra
1350,26-12-2023,126664,Pending,493,Drishya Vasa
1351,27-11-2022,148244,Approved,827,Eshani Cherian
1352,12-07-2023,149316,Pending,410,Madhup Bora
1353,25-03-2020,40928,Pending,372,Yakshit Sahni
1354,03-11-2019,6929,Approved,31,Aarav Reddy
1355,02-09-2023,113165,Pending,298,Nirvaan Kalla
1356,19-01-2023,90880,Rejected,600,Tara Gopal
1357,14-02-2024,182978,Approved,45,Kavya Lad
1358,24-07-2023,195185,Pending,203,Divij Seth
1359,02-07-2022,60400,Pending,907,Mehul Chowdhury
1360,12-10-2021,56090,Pending,348,Madhup Krishna
1361,09-08-2021,170269,Pending,183,Tiya Raja
1362,13-02-2020,43218,Pending,864,Nishith Loke
1363,12-04-2022,56049,Pending,22,Shaan Kamdar
1364,07-04-2022,167132,Pending,389,Vaibhav Singh
1365,10-09-2020,132699,Pending,347,Anahi Shankar
1366,06-04-2024,187542,Approved,468,Indrans Sharaf
1367,05-03-2020,51829,Approved,677,Mahika Raval
1368,19-03-2023,38415,Rejected,819,Ranbir Madan
1369,09-02-2020,199551,Approved,900,Indranil Buch
1370,12-01-2022,143634,Pending,148,Tanya Karan
1371,04-08-2022,177131,Pending,814,Farhan Virk
1372,18-08-2023,41980,Rejected,388,Alia Borra
1373,06-04-2020,140399,Approved,614,Anika Varghese
1374,30-12-2019,88760,Rejected,251,Faiyaz Kapoor
1375,14-07-2022,184598,Rejected,602,Shamik Saran
1376,18-02-2023,41875,Rejected,302,Amira Viswanathan
1377,22-04-2022,158970,Approved,254,Nishith Gour
1378,02-10-2020,15386,Approved,894,Aaina Karan
1379,21-05-2022,29659,Rejected,992,Pranay Saraf
1380,15-02-2024,118896,Approved,215,Vedika Savant
1381,24-12-2023,146823,Approved,810,Rati Iyengar
1382,15-12-2023,134383,Pending,172,Ela Wason
1383,08-03-2024,104180,Rejected,770,Miraan Andra
1384,18-03-2021,104286,Approved,532,Suhana Mani
1385,15-12-2020,95532,Approved,730,Pari Sandhu
1386,27-10-2019,77906,Rejected,495,Jhanvi Chhabra
1387,17-09-2021,144552,Approved,486,Fateh Yadav
1388,04-05-2024,57325,Approved,654,Zara Bhasin
1389,11-07-2022,184631,Rejected,666,Vritika Sani
1390,16-12-2019,12138,Pending,917,Mannat Rattan
1391,15-06-2021,44585,Pending,406,Urvi Trivedi
1392,03-10-2021,47626,Approved,911,Kanav Sheth
1393,10-12-2022,78531,Pending,958,Lagan Ben
1394,03-12-2021,169274,Approved,564,Sara Choudhary
1395,24-09-2020,21528,Pending,303,Riya Mangal
1396,10-12-2022,91679,Approved,236,Yashvi Soman
1397,07-02-2022,118873,Approved,525,Trisha Randhawa
1398,28-05-2024,126120,Approved,462,Rati Gopal
1399,10-08-2024,96172,Approved,377,Manikya Biswas
1400,24-04-2021,161878,Approved,280,Anya Lala
1401,19-02-2020,79562,Pending,453,Elakshi Dalal
1402,10-09-2024,50589,Rejected,78,Lakshay Vohra
1403,19-09-2024,75023,Pending,302,Mohanlal Bahl
1404,16-05-2023,169308,Rejected,560,Aniruddh Devi
1405,14-06-2023,130513,Approved,949,Jhanvi Johal
1406,22-06-2021,49410,Pending,74,Tiya Choudhry
1407,02-06-2024,75246,Rejected,206,Vidur Mann
1408,17-05-2020,70083,Rejected,338,Inaaya  Hegde
1409,19-11-2023,53755,Rejected,836,Anahita Sachar
1410,13-01-2023,154854,Approved,196,Onkar Deshpande
1411,18-02-2022,142600,Pending,876,Fateh Mahajan
1412,15-10-2022,151715,Rejected,557,Arnav Bera
1413,20-09-2022,182915,Pending,789,Oorja Chacko
1414,20-07-2023,63397,Approved,802,Samarth Ganesh
1415,17-09-2023,199384,Approved,842,Abram Shan
1416,03-09-2020,118091,Rejected,13,Eshani Kota
1417,15-12-2020,97041,Rejected,780,Damini Dora
1418,17-04-2021,190540,Approved,234,Advik Bhatti
1419,05-03-2021,49251,Rejected,215,Zaina Chana
1420,05-12-2023,97515,Rejected,602,Indranil Bhandari
1421,23-09-2022,158265,Approved,740,Aradhya Sood
1422,20-01-2021,163808,Approved,811,Darshit Verma
1423,29-10-2020,21746,Pending,440,Madhup Dhawan
1424,18-05-2020,155176,Rejected,428,Veer Venkatesh
1425,16-10-2021,45869,Approved,874,Zeeshan Kashyap
1426,16-07-2023,113897,Approved,143,Yashvi Manne
1427,16-07-2023,117614,Pending,313,Anahita Kannan
1428,08-10-2023,188954,Pending,512,Neysa Mangal
1429,18-02-2024,163028,Approved,348,Yuvraj  Arya
1430,20-10-2022,48971,Approved,703,Rati Dora
1431,26-02-2023,151762,Rejected,551,Navya Kannan
1432,28-03-2022,63429,Rejected,24,Mannat Halder
1433,19-05-2024,115678,Pending,945,Pranay Sant
1434,05-05-2024,32131,Approved,582,Vardaniya Rattan
1435,02-02-2024,127819,Rejected,936,Divit Kala
1436,09-04-2022,123528,Approved,391,Vedika Buch
1437,14-11-2020,44820,Approved,66,Tarini Kothari
1438,21-11-2023,109226,Pending,487,Vidur Sodhi
1439,20-12-2019,26184,Rejected,986,Nakul Shukla
1440,27-10-2019,93049,Approved,96,Dharmajan Srinivas
1441,29-11-2019,38428,Rejected,567,Arhaan Khosla
1442,23-10-2023,39639,Rejected,618,Farhan Toor
1443,18-03-2024,100280,Pending,204,Sana Jayaraman
1444,13-07-2021,18551,Approved,291,Navya Dass
1445,27-05-2020,45149,Approved,676,Parinaaz Sharma
1446,17-03-2020,107257,Approved,59,Jivin Chander
1447,04-07-2022,76887,Pending,176,Sana Kurian
1448,21-07-2020,68721,Approved,401,Mehul Ratta
1449,29-01-2021,35622,Pending,133,Anika Vohra
1450,31-12-2021,109608,Approved,761,Tushar Deo
1451,12-10-2022,18409,Pending,134,Tiya Dhaliwal
1452,27-11-2023,174738,Approved,443,Ahana  Lad
1453,03-01-2024,164490,Rejected,487,Riaan Dhaliwal
1454,12-07-2023,35962,Rejected,962,Dhanuk Kari
1455,15-06-2022,65511,Pending,515,Yuvraj  Hayre
1456,19-07-2024,144771,Approved,283,Alisha Mane
1457,19-09-2024,44332,Pending,457,Gokul Vig
1458,07-11-2019,17474,Approved,620,Fateh Chopra
1459,27-10-2023,162475,Rejected,337,Mahika Lata
1460,17-03-2021,182509,Approved,472,Alisha Guha
1461,12-07-2020,95226,Pending,755,Samar Sem
1462,16-07-2021,22765,Rejected,903,Inaaya  Koshy
1463,16-03-2024,184185,Approved,718,Jivika Atwal
1464,25-05-2020,169315,Approved,401,Damini Barad
1465,20-04-2021,124540,Pending,426,Ishaan Yadav
1466,03-04-2023,53581,Rejected,751,Saksham Sur
1467,11-07-2024,89255,Approved,933,Tejas Kalla
1468,14-11-2023,133521,Rejected,583,Arhaan Chadha
1469,09-02-2023,23629,Rejected,969,Jayan Savant
1470,25-07-2022,13515,Pending,281,Mahika Chaudhry
1471,08-06-2021,177098,Rejected,299,Aaina Bhattacharyya
1472,13-02-2024,134998,Pending,715,Riaan Contractor
1473,12-12-2023,146675,Pending,931,Yasmin Madan
1474,13-05-2021,101230,Rejected,125,Aniruddh Sengupta
1475,24-08-2020,199087,Pending,774,Sumer Wali
1476,06-12-2020,25519,Approved,420,Azad Deo
1477,21-11-2021,92933,Approved,213,Azad Manda
1478,24-05-2020,103683,Approved,28,Damini Singh
1479,20-10-2020,19273,Rejected,692,Riaan Khosla
1480,08-03-2023,151199,Approved,352,Adah Sur
1481,09-10-2023,150462,Pending,407,Anay Char
1482,18-08-2020,12366,Approved,118,Jayan Raju
1483,25-01-2022,143274,Pending,335,Mannat Ramaswamy
1484,22-08-2021,135708,Approved,497,Stuvan Baria
1485,13-08-2021,94965,Pending,562,Zeeshan Wali
1486,09-05-2024,133119,Rejected,973,Eva Bhalla
1487,19-05-2022,90356,Approved,841,Riya Rajan
1488,16-01-2023,59433,Pending,175,Jivika Rana
1489,25-08-2020,168507,Rejected,103,Shaan Bandi
1490,08-02-2021,39561,Pending,548,Diya Sen
1491,11-02-2022,149582,Pending,80,Stuvan Dash
1492,01-03-2024,135921,Pending,694,Divij Mane
1493,13-01-2022,58284,Approved,367,Umang Jaggi
1494,23-05-2024,39698,Rejected,36,Suhana Sanghvi
1495,03-10-2022,179074,Rejected,222,Rania Date
1496,07-04-2020,91201,Pending,857,Badal Tiwari
1497,24-09-2023,128784,Rejected,657,Jayant Mahal
1498,27-08-2023,134195,Rejected,919,Ivan Boase
1499,10-09-2022,25045,Rejected,316,Vedika Sethi
1500,13-07-2022,91577,Rejected,5,Gokul Chahal
